{
    "data": [
        {
            "canonical_url": "https://alpha.app.net/adamjackson/post/1442086",
            "created_at": "2012-11-08T02:28:30Z",
            "entities": {
                "hashtags": [],
                "links": [],
                "mentions": []
            },
            "html": "<span itemscope=\"https://app.net/schemas/Post\">Mid-way through Season 2 of Oz. So many of the actors in this show went on to do really great things. Awesome cast!</span>",
            "id": "1442086",
            "machine_only": false,
            "num_replies": 0,
            "num_reposts": 0,
            "num_stars": 0,
            "source": {
                "client_id": "FS62JKk5qYppVA8JWhZvPepU7A33PXtD",
                "link": "http://www.instadesk-app.com/appetizer",
                "name": "Appetizer"
            },
            "text": "Mid-way through Season 2 of Oz. So many of the actors in this show went on to do really great things. Awesome cast!",
            "thread_id": "1442086",
            "user": {
                "avatar_image": {
                    "height": 200,
                    "url": "https://d2rfichhc2fb9n.cloudfront.net/image/4/Md7d78QJoQ-zG6LHHQiq4h0W4m4P-VoOP3R2-jQIL-YKEvhu4MDx527Pf5N7CGHc96Hymu6HgKIAgxAHYZlTt9hyHDhhkRz_oNO7q6szmQd73KF2IvLz_opw1wLgfCxQFxS4NbkuF38ivzD2C1oaCNEhW9Q",
                    "width": 200
                },
                "canonical_url": "https://alpha.app.net/adamjackson",
                "counts": {
                    "followers": 53,
                    "following": 13,
                    "posts": 1095,
                    "stars": 13
                },
                "cover_image": {
                    "height": 768,
                    "url": "https://d2rfichhc2fb9n.cloudfront.net/image/4/_ZyFUPK25w4E8qHP4aITMbmgQvPdZjE1xIrkAaUGpoPDwUDwLjJJjJ0kOPOICYaaq32pXOkFY8Pn2tdR2MgG3rg_mazNBVcdMMn4SLxILp8f48QgO3CNaTdkNrUgDURXq2YIMqrS3IBfhwfGVZcVFjUarrQ",
                    "width": 1024
                },
                "created_at": "2012-08-21T04:39:07Z",
                "description": {
                    "entities": {
                        "hashtags": [],
                        "links": [],
                        "mentions": []
                    },
                    "html": "<span itemscope=\"https://app.net/schemas/Post\">A dreamer. I do things at TomTom. I author a blog, photograph moments and explore the world. I pursued and found happiness.</span>",
                    "text": "A dreamer. I do things at TomTom. I author a blog, photograph moments and explore the world. I pursued and found happiness."
                },
                "id": "10139",
                "locale": "en_US",
                "name": "Adam Jackson",
                "timezone": "America/Los_Angeles",
                "type": "human",
                "username": "adamjackson"
            }
        },
        {
            "canonical_url": "https://alpha.app.net/itavo/post/1442085",
            "created_at": "2012-11-08T02:28:29Z",
            "entities": {
                "hashtags": [],
                "links": [
                    {
                        "len": 21,
                        "pos": 26,
                        "text": "http://4sq.com/dgs8QL",
                        "url": "http://4sq.com/dgs8QL"
                    }
                ],
                "mentions": []
            },
            "html": "<span itemscope=\"https://app.net/schemas/Post\">I'm at Municipio de Cayey <a href=\"http://4sq.com/dgs8QL\">http://4sq.com/dgs8QL</a></span>",
            "id": "1442085",
            "machine_only": false,
            "num_replies": 0,
            "num_reposts": 0,
            "num_stars": 0,
            "source": {
                "client_id": "GzJVygE6vpLbabgBtEKzEKH8ASzS6mF3",
                "link": "http://ifttt.com",
                "name": "IFTTT"
            },
            "text": "I'm at Municipio de Cayey http://4sq.com/dgs8QL",
            "thread_id": "1442085",
            "user": {
                "avatar_image": {
                    "height": 200,
                    "url": "https://d2rfichhc2fb9n.cloudfront.net/image/4/l9P4Ox6EOZiMQRiglK9rU-bc42z-xg1JfIVGmSyJwiv2c-jM4N9-eN4mAJl_PD4tjdMx2oAZKCOHikzyjV_nTDPuMdWryZfyWmCzQwvMrCPTs1TatwqR3W933euszR69dXmOFQzbVNTDqV4t5Uc_HKwnW1w",
                    "width": 200
                },
                "canonical_url": "https://alpha.app.net/itavo",
                "counts": {
                    "followers": 22,
                    "following": 82,
                    "posts": 857,
                    "stars": 0
                },
                "cover_image": {
                    "height": 716,
                    "url": "https://d2rfichhc2fb9n.cloudfront.net/image/4/1AbxluQOyryPa_94yEUyS169p3LVWZ_ecp7wfR1zAWWLCqOY8ZWkOp2Q5DJofhiMz9vWKqoZ0vwV8nD-Z3Ja4rwQnoEUNBW8E8wqqOitIYp5ECZNOpBkrqEimN6fzcf74hlIktHrmQ2SwY7rRYF9AeUN_wk",
                    "width": 960
                },
                "created_at": "2012-08-21T18:39:08Z",
                "description": {
                    "entities": {
                        "hashtags": [],
                        "links": [
                            {
                                "len": 14,
                                "pos": 22,
                                "text": "TheiOSpost.com",
                                "url": "http://TheiOSpost.com"
                            },
                            {
                                "len": 13,
                                "pos": 59,
                                "text": "Tecnetico.com",
                                "url": "http://Tecnetico.com"
                            },
                            {
                                "len": 12,
                                "pos": 120,
                                "text": "www.itavo.me",
                                "url": "http://www.itavo.me"
                            }
                        ],
                        "mentions": []
                    },
                    "html": "<span itemscope=\"https://app.net/schemas/Post\">Editor and Founder of <a href=\"http://TheiOSpost.com\">TheiOSpost.com</a>; \r\nEditor-at-Large of <a href=\"http://Tecnetico.com\">Tecnetico.com</a>; \r\nTech column at Peri&#243;dico La Perla del Sur \r\n<a href=\"http://www.itavo.me\">www.itavo.me</a>\r\nPonce, Puerto Rico</span>",
                    "text": "Editor and Founder of TheiOSpost.com; \r\nEditor-at-Large of Tecnetico.com; \r\nTech column at Peri\u00f3dico La Perla del Sur \r\nwww.itavo.me\r\nPonce, Puerto Rico"
                },
                "id": "12981",
                "locale": "en_US",
                "name": "Gustavo Franceschini-Roche",
                "timezone": "America/Los_Angeles",
                "type": "human",
                "username": "itavo"
            }
        },
        {
            "canonical_url": "https://alpha.app.net/bondman/post/1442084",
            "created_at": "2012-11-08T02:28:26Z",
            "entities": {
                "hashtags": [],
                "links": [],
                "mentions": [
                    {
                        "id": "23812",
                        "len": 12,
                        "name": "themagazine",
                        "pos": 0
                    }
                ]
            },
            "html": "<span itemscope=\"https://app.net/schemas/Post\"><span itemprop=\"mention\" data-mention-id=\"23812\" data-mention-name=\"themagazine\">@themagazine</span> thanks for explaining that. Hmm...do you have a method to decide what colors to use? It's kinda too late for this, but a cool, geeky idea would be to sequence issues to the visible light spectrum: ROYGBIV.</span>",
            "id": "1442084",
            "machine_only": false,
            "num_replies": 0,
            "num_reposts": 0,
            "num_stars": 0,
            "reply_to": "1442015",
            "source": {
                "client_id": "cRWp45kA49pQKtxsZQXdwTnyuU6jBwuA",
                "link": "http://tigerbears.com/felix",
                "name": "Felix"
            },
            "text": "@themagazine thanks for explaining that. Hmm...do you have a method to decide what colors to use? It's kinda too late for this, but a cool, geeky idea would be to sequence issues to the visible light spectrum: ROYGBIV.",
            "thread_id": "1441859",
            "user": {
                "avatar_image": {
                    "height": 200,
                    "url": "https://d2rfichhc2fb9n.cloudfront.net/image/4/UKZQoeY2nntetcpWbMsqWiQnEl5EqfGlonSh9TItBMldp5RnPJ3TG6xRXBPIr1oUzO0LuGgXkRVHyvUKAx1RnsEaV87VjrAinwhqhRrcASKwe73-VwbLJJXD4rl-rnYXnf5tSq1BNLoOtLeElXWs5LsE6pQ",
                    "width": 200
                },
                "canonical_url": "https://alpha.app.net/bondman",
                "counts": {
                    "followers": 99,
                    "following": 113,
                    "posts": 1679,
                    "stars": 34
                },
                "cover_image": {
                    "height": 493,
                    "url": "https://d2rfichhc2fb9n.cloudfront.net/image/4/-PO7r_l32So4btQhmCUHu4qXEm316vHNseF1D2Gs4LUAg-Fa8hBKOno8DIaD-h40coFsS6tFZ3G4nA6fq9S6p9DcJobZusyPyKe_TecdZbvF85kZRLz4R1UDm-y56XIU51XwXPTCWsOzSxeOoPTOD0bMGtc",
                    "width": 968
                },
                "created_at": "2012-08-16T18:13:04Z",
                "description": {
                    "entities": {
                        "hashtags": [
                            {
                                "len": 11,
                                "name": "cookieclub",
                                "pos": 41
                            }
                        ],
                        "links": [
                            {
                                "len": 7,
                                "pos": 14,
                                "text": "app.net",
                                "url": "http://app.net"
                            },
                            {
                                "len": 16,
                                "pos": 54,
                                "text": "http://d.pr/vgoB",
                                "url": "http://d.pr/vgoB"
                            }
                        ],
                        "mentions": []
                    },
                    "html": "<span itemscope=\"https://app.net/schemas/Post\">Proud initial <a href=\"http://app.net\">app.net</a> backer.\r\nCoiner of <span itemprop=\"hashtag\" data-hashtag-name=\"cookieclub\">#CookieClub</span> (<a href=\"http://d.pr/vgoB\">http://d.pr/vgoB</a>)\r\nInterests:\r\n&#8226; Productivity (GTD) thru Technology\r\n&#8226; iPhone 5 / iOS App Enthusiast\r\n&#8226; Apologetics (1 Peter 3:15)\r\n&#8226; UCLA Alumnus/Fan (Gooo BRUINS!!!)</span>",
                    "text": "Proud initial app.net backer.\r\nCoiner of #CookieClub (http://d.pr/vgoB)\r\nInterests:\r\n\u2022 Productivity (GTD) thru Technology\r\n\u2022 iPhone 5 / iOS App Enthusiast\r\n\u2022 Apologetics (1 Peter 3:15)\r\n\u2022 UCLA Alumnus/Fan (Gooo BRUINS!!!)"
                },
                "id": "4041",
                "locale": "en_US",
                "name": "Tim Lin",
                "timezone": "America/Los_Angeles",
                "type": "human",
                "username": "bondman"
            }
        },
        {
            "canonical_url": "https://alpha.app.net/androidcentral/post/1442083",
            "created_at": "2012-11-08T02:28:25Z",
            "entities": {
                "hashtags": [],
                "links": [
                    {
                        "len": 20,
                        "pos": 56,
                        "text": "http://bit.ly/T5PgLJ",
                        "url": "http://bit.ly/T5PgLJ"
                    }
                ],
                "mentions": []
            },
            "html": "<span itemscope=\"https://app.net/schemas/Post\">Huawei Ascend D Quad XL headed to WIND per leaked promo <a href=\"http://bit.ly/T5PgLJ\">http://bit.ly/T5PgLJ</a></span>",
            "id": "1442083",
            "machine_only": false,
            "num_replies": 0,
            "num_reposts": 0,
            "num_stars": 0,
            "source": {
                "client_id": "GzJVygE6vpLbabgBtEKzEKH8ASzS6mF3",
                "link": "http://ifttt.com",
                "name": "IFTTT"
            },
            "text": "Huawei Ascend D Quad XL headed to WIND per leaked promo http://bit.ly/T5PgLJ",
            "thread_id": "1442083",
            "user": {
                "avatar_image": {
                    "height": 200,
                    "url": "https://d2rfichhc2fb9n.cloudfront.net/image/4/IfkB-V3ra0l4JRupKwp5Tgi7uBKc6pRbYrMv5-RBksKHiEMKiPE5TD9XaIZ5QPp79T1yPEoTA8Q43dszhr1woU8lt07GqoicgFM0T7ve8TLeDy0gHCzof6rvxgFVIyLqnlIeJvkDT-eoCC1UMpUeYKG6KnE",
                    "width": 200
                },
                "canonical_url": "https://alpha.app.net/androidcentral",
                "counts": {
                    "followers": 164,
                    "following": 2,
                    "posts": 587,
                    "stars": 0
                },
                "cover_image": {
                    "height": 635,
                    "url": "https://d2rfichhc2fb9n.cloudfront.net/image/4/ac4DKKquRoTlx_ItYof5oYpS5_GzdcKolQOPtvwarJuLyTOYC1JyXP9yvODf_NjQmAT6FDBCtpxQROj3tTaS-w7Z6RdgHhqApfo1WC90Dp_HCRsQyiTLidYr4i_SzJlK8XbOZTsKWxbIployM_kFIlFj6Ls",
                    "width": 960
                },
                "created_at": "2012-08-22T14:09:07Z",
                "description": {
                    "entities": {
                        "hashtags": [],
                        "links": [],
                        "mentions": []
                    },
                    "html": "<span itemscope=\"https://app.net/schemas/Post\">The Center of the Android Universe - your No. 1 site for Android smartphone news, reviews, accessories and opinions.</span>",
                    "text": "The Center of the Android Universe - your No. 1 site for Android smartphone news, reviews, accessories and opinions."
                },
                "id": "16720",
                "locale": "en_US",
                "name": "Android Central",
                "timezone": "America/Los_Angeles",
                "type": "human",
                "username": "androidcentral"
            }
        },
        {
            "canonical_url": "https://alpha.app.net/chadhs/post/1442082",
            "created_at": "2012-11-08T02:28:25Z",
            "entities": {
                "hashtags": [],
                "links": [],
                "mentions": [
                    {
                        "id": "3800",
                        "len": 7,
                        "name": "potter",
                        "pos": 0
                    }
                ]
            },
            "html": "<span itemscope=\"https://app.net/schemas/Post\"><span itemprop=\"mention\" data-mention-id=\"3800\" data-mention-name=\"potter\">@potter</span> nooooooo. ;-)</span>",
            "id": "1442082",
            "machine_only": false,
            "num_replies": 0,
            "num_reposts": 0,
            "num_stars": 0,
            "reply_to": "1442045",
            "source": {
                "client_id": "QHhyYpuARCwurZdGuuR7zjDMHDRkwcKm",
                "link": "http://tapbots.com/software/netbot",
                "name": "Netbot for iOS"
            },
            "text": "@potter nooooooo. ;-)",
            "thread_id": "1440738",
            "user": {
                "avatar_image": {
                    "height": 200,
                    "url": "https://d2rfichhc2fb9n.cloudfront.net/image/4/qeV7fjpWvDTwVXe-wamrv_2a8tq3NPyXDDszFJuZ_1dV3ISma9k27jxGuHSZL0TkCdAC8bFSgZJEp-XdroCzKQVVagRFaD186TTs4D2J8SPFqzBYnDt_WyiNAHxpZ7BlQrRA0cKw3aJp1g_cJ5OYOE2Wk48",
                    "width": 200
                },
                "canonical_url": "https://alpha.app.net/chadhs",
                "counts": {
                    "followers": 20,
                    "following": 57,
                    "posts": 293,
                    "stars": 7
                },
                "cover_image": {
                    "height": 732,
                    "url": "https://d2rfichhc2fb9n.cloudfront.net/image/4/eKtYQfKjBLiZeZx5JwzunDgVpYaMKq2Z4sD2kybfRxVKs1ple5n4PYm3gRPvV1_B0MNn6Va7vCkf7m_ivtWACueyZBl9vy_42DHU2pPKCGgyCmfW3jYntLfmNltJM8ujTPAWfLlxjNhW--Nhi4U931Spt7I",
                    "width": 2048
                },
                "created_at": "2012-10-20T18:22:10Z",
                "description": {
                    "entities": {
                        "hashtags": [],
                        "links": [
                            {
                                "len": 21,
                                "pos": 5,
                                "text": "chadstovern.com/about",
                                "url": "http://chadstovern.com/about"
                            },
                            {
                                "len": 12,
                                "pos": 41,
                                "text": "techcraft.ws",
                                "url": "http://techcraft.ws"
                            },
                            {
                                "len": 18,
                                "pos": 63,
                                "text": "giddeonshammer.com",
                                "url": "http://giddeonshammer.com"
                            }
                        ],
                        "mentions": []
                    },
                    "html": "<span itemscope=\"https://app.net/schemas/Post\">bio: <a href=\"http://chadstovern.com/about\">chadstovern.com/about</a>\r\n\r\ntechology: <a href=\"http://techcraft.ws\">techcraft.ws</a>\r\ngaming: <a href=\"http://giddeonshammer.com\">giddeonshammer.com</a></span>",
                    "text": "bio: chadstovern.com/about\r\n\r\ntechology: techcraft.ws\r\ngaming: giddeonshammer.com"
                },
                "id": "26413",
                "locale": "en",
                "name": "Chad Stovern \uf8ff",
                "timezone": "America/Chicago",
                "type": "human",
                "username": "chadhs"
            }
        },
        {
            "canonical_url": "https://alpha.app.net/morsecode/post/1442080",
            "created_at": "2012-11-08T02:28:21Z",
            "entities": {
                "hashtags": [],
                "links": [],
                "mentions": []
            },
            "html": "<span itemscope=\"https://app.net/schemas/Post\">Skyfall has been getting really positive reviews from the critics. Pretty psyched for a good 007 flick. </span>",
            "id": "1442080",
            "machine_only": false,
            "num_replies": 0,
            "num_reposts": 0,
            "num_stars": 0,
            "source": {
                "client_id": "QHhyYpuARCwurZdGuuR7zjDMHDRkwcKm",
                "link": "http://tapbots.com/software/netbot",
                "name": "Netbot for iOS"
            },
            "text": "Skyfall has been getting really positive reviews from the critics. Pretty psyched for a good 007 flick. ",
            "thread_id": "1442080",
            "user": {
                "avatar_image": {
                    "height": 200,
                    "url": "https://d2rfichhc2fb9n.cloudfront.net/image/4/qu0qjmFCfVg36hORhBXTKDcLWwxjxikXy2NR2gSIn1b3OuJjyuo_Xn1wAUkRj62w0207Ve9RPZQozpm2t9T8VW_rqSR-FePoKk8Dx_R4OgdDXCD63mkfNv8zFMbybggPg8Z9EOcoUvGu4xERbKKJKcHFpms",
                    "width": 200
                },
                "canonical_url": "https://alpha.app.net/morsecode",
                "counts": {
                    "followers": 27,
                    "following": 77,
                    "posts": 205,
                    "stars": 6
                },
                "cover_image": {
                    "height": 1721,
                    "url": "https://d2rfichhc2fb9n.cloudfront.net/image/4/xfoIpP9qZJZwOAO-1mI5Rd49sctOgFEN54RDk0wdHXByKtQCJfecnP9O-3wXwFX4DmrMXX48Tb049BBMBX2_WoKITBeJeoepq9HluKQWakfv4IvcA4U-sHOJE_XdsRwAIjlUKQUkQuH-BwGXTXGlp5ppJpk",
                    "width": 4597
                },
                "created_at": "2012-08-17T18:39:13Z",
                "description": {
                    "entities": {
                        "hashtags": [],
                        "links": [],
                        "mentions": []
                    },
                    "html": "<span itemscope=\"https://app.net/schemas/Post\">I'm a full time graduate student of computer science at the University of Vermont. I live with my lovely wife Erin, Golden Retriever Dignan, and two cats: Scooby and Mclovin'.</span>",
                    "text": "I'm a full time graduate student of computer science at the University of Vermont. I live with my lovely wife Erin, Golden Retriever Dignan, and two cats: Scooby and Mclovin'."
                },
                "id": "5454",
                "locale": "en",
                "name": "Christopher Morse",
                "timezone": "America/New_York",
                "type": "human",
                "username": "morsecode"
            }
        },
        {
            "canonical_url": "https://alpha.app.net/dmf/post/1442079",
            "created_at": "2012-11-08T02:28:17Z",
            "entities": {
                "hashtags": [],
                "links": [],
                "mentions": [
                    {
                        "id": "1389",
                        "len": 7,
                        "name": "lexfri",
                        "pos": 0
                    }
                ]
            },
            "html": "<span itemscope=\"https://app.net/schemas/Post\"><span itemprop=\"mention\" data-mention-id=\"1389\" data-mention-name=\"lexfri\">@lexfri</span> I live in Hunterdon co., NJ. Just got power back tonight. Loved your piece. Fitting that it was the first thing I was able to read in my house. </span>",
            "id": "1442079",
            "machine_only": false,
            "num_replies": 0,
            "num_reposts": 0,
            "num_stars": 0,
            "reply_to": "1441986",
            "source": {
                "client_id": "QHhyYpuARCwurZdGuuR7zjDMHDRkwcKm",
                "link": "http://tapbots.com/software/netbot",
                "name": "Netbot for iOS"
            },
            "text": "@lexfri I live in Hunterdon co., NJ. Just got power back tonight. Loved your piece. Fitting that it was the first thing I was able to read in my house. ",
            "thread_id": "1441722",
            "user": {
                "avatar_image": {
                    "height": 160,
                    "url": "https://d2rfichhc2fb9n.cloudfront.net/image/4/_qtbudHpXtjys3CJVSRcSFcOYtCeY5wbD_tXdTiuhTAUV3vfYbKcF8TkvJRJiEbdDaRsUuChlN1rHzNDHm2Bj6OJ4y1LKkNQW64xqfLCUkjBy60_4D7lWlDpXKBZVN45MpoIFOVWHqIFNsvS0SRyUlA4lyA",
                    "width": 160
                },
                "canonical_url": "https://alpha.app.net/dmf",
                "counts": {
                    "followers": 3,
                    "following": 26,
                    "posts": 27,
                    "stars": 0
                },
                "cover_image": {
                    "height": 260,
                    "url": "https://d2rfichhc2fb9n.cloudfront.net/image/4/X1p8y7MSNnMKbPq2Oe7-TPwEBzgDDwkrw7Cy9-iBH96aL2gycU8siG0lF6fI7ZP0yYh5iiExlK5pfCMghlN8Er-KvLDnBMIlH_KM_ZjlHsi01f5bodSkvsOf6JRDI_Xsb51_EQjHcbXpPqgBvYvjWxVNRvA",
                    "width": 960
                },
                "created_at": "2012-08-17T19:21:58Z",
                "description": {
                    "entities": {
                        "hashtags": [],
                        "links": [],
                        "mentions": []
                    }
                },
                "id": "5583",
                "locale": "en_US",
                "name": "Derek Freed",
                "timezone": "America/Los_Angeles",
                "type": "human",
                "username": "dmf"
            }
        },
        {
            "canonical_url": "https://alpha.app.net/squozen/post/1442078",
            "created_at": "2012-11-08T02:28:15Z",
            "entities": {
                "hashtags": [
                    {
                        "len": 8,
                        "name": "bemused",
                        "pos": 153
                    }
                ],
                "links": [],
                "mentions": []
            },
            "html": "<span itemscope=\"https://app.net/schemas/Post\">Why do publishers assume that because I like cars I also like watches? Cars have a purpose. I don't need a thing on my wrist to tell me what time it is. <span itemprop=\"hashtag\" data-hashtag-name=\"bemused\">#bemused</span></span>",
            "id": "1442078",
            "machine_only": false,
            "num_replies": 0,
            "num_reposts": 0,
            "num_stars": 0,
            "source": {
                "client_id": "PDvZfuW8zhzjwU8PF9KEzFbAcTn6T67U",
                "link": "http://wedge.natestedman.com",
                "name": "Wedge"
            },
            "text": "Why do publishers assume that because I like cars I also like watches? Cars have a purpose. I don't need a thing on my wrist to tell me what time it is. #bemused",
            "thread_id": "1442078",
            "user": {
                "avatar_image": {
                    "height": 179,
                    "url": "https://d2rfichhc2fb9n.cloudfront.net/image/4/FmQ8FPwcb-QNm-STnPuNbpjrhQ_WVPmK-m48vHLxgWdhrdl3PlWrZk75XwmFMtl4L-w90gEX8gR20979EE8EsoGf4W3PuMTdVo6Rys5lYj66I-9tPYBXNAP1bwoo7UqOtbnj-pIIFBCZytNgw0qY_5T5WcM",
                    "width": 179
                },
                "canonical_url": "https://alpha.app.net/squozen",
                "counts": {
                    "followers": 85,
                    "following": 93,
                    "posts": 1542,
                    "stars": 3
                },
                "cover_image": {
                    "height": 464,
                    "url": "https://d2rfichhc2fb9n.cloudfront.net/image/4/Tq2hrgqwZr8B6JGfzdVwN7vWvkFyJ7vY-uP_JaSpsfd4_4HQBA5ysij6ZCLvnLOQ6CoGHdNirPzJ5N9VNfHY3U07jAPPcGRX17sQ1jZXdJYrVhpoa0z4LhHmAtU5DK7F3BmPC5aoJBLj33emjusFFCRTp7A",
                    "width": 1280
                },
                "created_at": "2012-08-23T01:39:07Z",
                "description": {
                    "entities": {
                        "hashtags": [],
                        "links": [],
                        "mentions": []
                    },
                    "html": "<span itemscope=\"https://app.net/schemas/Post\">Australia's preeminent chest model.</span>",
                    "text": "Australia's preeminent chest model."
                },
                "id": "16890",
                "locale": "en",
                "name": "Squozen",
                "timezone": "Australia/Melbourne",
                "type": "human",
                "username": "squozen"
            }
        },
        {
            "canonical_url": "https://alpha.app.net/geekanddad/post/1442077",
            "created_at": "2012-11-08T02:28:14Z",
            "entities": {
                "hashtags": [],
                "links": [
                    {
                        "len": 29,
                        "pos": 18,
                        "text": "https://posts.app.net/1211247",
                        "url": "https://posts.app.net/1211247"
                    }
                ],
                "mentions": [
                    {
                        "id": "10107",
                        "len": 8,
                        "name": "danwood",
                        "pos": 0
                    }
                ]
            },
            "html": "<span itemscope=\"https://app.net/schemas/Post\"><span itemprop=\"mention\" data-mention-id=\"10107\" data-mention-name=\"danwood\">@danwood</span> :) here: <a href=\"https://posts.app.net/1211247\">https://posts.app.net/1211247</a></span>",
            "id": "1442077",
            "machine_only": false,
            "num_replies": 0,
            "num_reposts": 0,
            "num_stars": 0,
            "reply_to": "1439570",
            "source": {
                "client_id": "QHhyYpuARCwurZdGuuR7zjDMHDRkwcKm",
                "link": "http://tapbots.com/software/netbot",
                "name": "Netbot for iOS"
            },
            "text": "@danwood :) here: https://posts.app.net/1211247",
            "thread_id": "1433137",
            "user": {
                "avatar_image": {
                    "height": 142,
                    "url": "https://d2rfichhc2fb9n.cloudfront.net/image/4/pged8QN0mBgLIM1tFfznLCVNTVX0XhiPdtNKYyeskF9yOPSn7P0l5-ZPxPYX_2zsJdY2yPfUHmusildXwITd-9kAgUZuWZ773-6d8mRNNoL57Nd9EFI_nr0oKQqhfCP3gj6cHsvlo8FyFOka8bJcV3jj5ok",
                    "width": 142
                },
                "canonical_url": "https://alpha.app.net/geekanddad",
                "counts": {
                    "followers": 65,
                    "following": 99,
                    "posts": 148,
                    "stars": 4
                },
                "cover_image": {
                    "height": 260,
                    "url": "https://d2rfichhc2fb9n.cloudfront.net/image/4/X1p8y7MSNnMKbPq2Oe7-TPwEBzgDDwkrw7Cy9-iBH96aL2gycU8siG0lF6fI7ZP0yYh5iiExlK5pfCMghlN8Er-KvLDnBMIlH_KM_ZjlHsi01f5bodSkvsOf6JRDI_Xsb51_EQjHcbXpPqgBvYvjWxVNRvA",
                    "width": 960
                },
                "created_at": "2012-08-10T00:11:38Z",
                "description": {
                    "entities": {
                        "hashtags": [],
                        "links": [],
                        "mentions": []
                    },
                    "html": "<span itemscope=\"https://app.net/schemas/Post\">The Dad of Geek &amp; Dad</span>",
                    "text": "The Dad of Geek & Dad"
                },
                "id": "1218",
                "locale": "en_US",
                "name": "Dad of Geek&Dad",
                "timezone": "America/Los_Angeles",
                "type": "human",
                "username": "geekanddad"
            }
        },
        {
            "canonical_url": "https://alpha.app.net/iancarroll/post/1442076",
            "created_at": "2012-11-08T02:28:03Z",
            "entities": {
                "hashtags": [],
                "links": [],
                "mentions": [
                    {
                        "id": "5149",
                        "len": 10,
                        "name": "shawnking",
                        "pos": 0
                    }
                ]
            },
            "html": "<span itemscope=\"https://app.net/schemas/Post\"><span itemprop=\"mention\" data-mention-id=\"5149\" data-mention-name=\"shawnking\">@shawnking</span> Moi! </span>",
            "id": "1442076",
            "machine_only": false,
            "num_replies": 0,
            "num_reposts": 0,
            "num_stars": 0,
            "reply_to": "1442021",
            "source": {
                "client_id": "9gbNKzXYsyzErU9K2J7v88XaFRfwsDzN",
                "link": "http://www.planet1107.net",
                "name": "AppNet Rhino"
            },
            "text": "@shawnking Moi! ",
            "thread_id": "1442021",
            "user": {
                "avatar_image": {
                    "height": 200,
                    "url": "https://d2rfichhc2fb9n.cloudfront.net/image/4/MHTax3qCKZjiXyQXEDB7WGPNq2V8WbWvvP_PiEiDQxdJT1XQjps95GH8ee1UNiByQj8uiugtqtbW9YHnUQ1MGNPvy9fhAecNZUtHC4x3mHbbDCBx6gTWEqVHYJoTXpGx4ZRnOoDhKcQLjKlNeaqUdVN49As",
                    "width": 200
                },
                "canonical_url": "https://alpha.app.net/iancarroll",
                "counts": {
                    "followers": 4,
                    "following": 4,
                    "posts": 171,
                    "stars": 0
                },
                "cover_image": {
                    "height": 300,
                    "url": "https://d2rfichhc2fb9n.cloudfront.net/image/4/yAagqo8VR6V6yI8jU4nKLcwsK9Yg2XAdEJ5eoohJ5pPFwj7htFnITmLEoB-DmAa5stk65lF_AcnO-wcg-6bsnzIyH_LYFhY6nO2giDTd42GLNs7UJU62NxIHlGuhWE42iF_mOWhh0vhfAg-pMY83oMPP478",
                    "width": 960
                },
                "created_at": "2012-11-05T12:49:33Z",
                "description": {
                    "entities": {
                        "hashtags": [],
                        "links": [
                            {
                                "len": 7,
                                "pos": 55,
                                "text": "app.net",
                                "url": "http://app.net"
                            }
                        ],
                        "mentions": []
                    },
                    "html": "<span itemscope=\"https://app.net/schemas/Post\">Addicted to Mac, iOS, iPhone 4S. Codes in HTML, thinks <a href=\"http://app.net\">app.net</a> is pretty cool. Runs Snap Apps, makes iOS apps.</span>",
                    "text": "Addicted to Mac, iOS, iPhone 4S. Codes in HTML, thinks app.net is pretty cool. Runs Snap Apps, makes iOS apps."
                },
                "id": "27503",
                "locale": "en",
                "name": "Ian Carroll",
                "timezone": "America/Los_Angeles",
                "type": "human",
                "username": "iancarroll"
            }
        },
        {
            "canonical_url": "https://alpha.app.net/urbanape/post/1442075",
            "created_at": "2012-11-08T02:27:39Z",
            "entities": {
                "hashtags": [],
                "links": [],
                "mentions": []
            },
            "html": "<span itemscope=\"https://app.net/schemas/Post\">So, after a few days using Watercooler, I&#8217;m going back to Tweetbot and Felix. Too many missing features from the lowest-common-denominator approach.</span>",
            "id": "1442075",
            "machine_only": false,
            "num_replies": 0,
            "num_reposts": 0,
            "num_stars": 0,
            "source": {
                "client_id": "cRWp45kA49pQKtxsZQXdwTnyuU6jBwuA",
                "link": "http://tigerbears.com/felix",
                "name": "Felix"
            },
            "text": "So, after a few days using Watercooler, I\u2019m going back to Tweetbot and Felix. Too many missing features from the lowest-common-denominator approach.",
            "thread_id": "1442075",
            "user": {
                "avatar_image": {
                    "height": 200,
                    "url": "https://d2rfichhc2fb9n.cloudfront.net/image/4/uhTX5SiHXRE2sFbqWWgNkymIwbn3v1tKqOwP7UxTP7aJgM9HnowfARcLXCvWJhK_vYyES-JLuuZbviqPhaCfvAweaZknik4fTNxLUVXcQFTA0Zev7j8CwJROD3RaG38p8RH2F5h27aSKHMjGf-_6231Nkjg",
                    "width": 200
                },
                "canonical_url": "https://alpha.app.net/urbanape",
                "counts": {
                    "followers": 239,
                    "following": 206,
                    "posts": 367,
                    "stars": 163
                },
                "cover_image": {
                    "height": 675,
                    "url": "https://d2rfichhc2fb9n.cloudfront.net/image/4/1gwrSItEHKP9U-g41MLFDRZdEbt4Nl0J_chgAKAkDmnFJsrZNUq2UYdRZzQpr5IlbJAK1QSW_fKHTQyV0OgGS6PZI9gUscThkWjjS7GxIzE2z8o0uCE2zONUd77doq1lOPDO13ueaKOPgZv1Y4nDeondSfo",
                    "width": 960
                },
                "created_at": "2012-08-09T03:28:51Z",
                "description": {
                    "entities": {
                        "hashtags": [],
                        "links": [],
                        "mentions": []
                    },
                    "html": "<span itemscope=\"https://app.net/schemas/Post\">Dad. Hacker. Urbanape.</span>",
                    "text": "Dad. Hacker. Urbanape."
                },
                "id": "755",
                "locale": "en",
                "name": "Zachery Bir",
                "timezone": "America/New_York",
                "type": "human",
                "username": "urbanape"
            }
        },
        {
            "canonical_url": "https://alpha.app.net/iancarroll/post/1442074",
            "created_at": "2012-11-08T02:27:30Z",
            "entities": {
                "hashtags": [],
                "links": [],
                "mentions": []
            },
            "html": "<span itemscope=\"https://app.net/schemas/Post\">Whoever asked for free Simple Invites, I want one</span>",
            "id": "1442074",
            "machine_only": false,
            "num_replies": 0,
            "num_reposts": 0,
            "num_stars": 0,
            "source": {
                "client_id": "9gbNKzXYsyzErU9K2J7v88XaFRfwsDzN",
                "link": "http://www.planet1107.net",
                "name": "AppNet Rhino"
            },
            "text": "Whoever asked for free Simple Invites, I want one",
            "thread_id": "1442074",
            "user": {
                "avatar_image": {
                    "height": 200,
                    "url": "https://d2rfichhc2fb9n.cloudfront.net/image/4/MHTax3qCKZjiXyQXEDB7WGPNq2V8WbWvvP_PiEiDQxdJT1XQjps95GH8ee1UNiByQj8uiugtqtbW9YHnUQ1MGNPvy9fhAecNZUtHC4x3mHbbDCBx6gTWEqVHYJoTXpGx4ZRnOoDhKcQLjKlNeaqUdVN49As",
                    "width": 200
                },
                "canonical_url": "https://alpha.app.net/iancarroll",
                "counts": {
                    "followers": 4,
                    "following": 4,
                    "posts": 171,
                    "stars": 0
                },
                "cover_image": {
                    "height": 300,
                    "url": "https://d2rfichhc2fb9n.cloudfront.net/image/4/yAagqo8VR6V6yI8jU4nKLcwsK9Yg2XAdEJ5eoohJ5pPFwj7htFnITmLEoB-DmAa5stk65lF_AcnO-wcg-6bsnzIyH_LYFhY6nO2giDTd42GLNs7UJU62NxIHlGuhWE42iF_mOWhh0vhfAg-pMY83oMPP478",
                    "width": 960
                },
                "created_at": "2012-11-05T12:49:33Z",
                "description": {
                    "entities": {
                        "hashtags": [],
                        "links": [
                            {
                                "len": 7,
                                "pos": 55,
                                "text": "app.net",
                                "url": "http://app.net"
                            }
                        ],
                        "mentions": []
                    },
                    "html": "<span itemscope=\"https://app.net/schemas/Post\">Addicted to Mac, iOS, iPhone 4S. Codes in HTML, thinks <a href=\"http://app.net\">app.net</a> is pretty cool. Runs Snap Apps, makes iOS apps.</span>",
                    "text": "Addicted to Mac, iOS, iPhone 4S. Codes in HTML, thinks app.net is pretty cool. Runs Snap Apps, makes iOS apps."
                },
                "id": "27503",
                "locale": "en",
                "name": "Ian Carroll",
                "timezone": "America/Los_Angeles",
                "type": "human",
                "username": "iancarroll"
            }
        },
        {
            "canonical_url": "https://alpha.app.net/d0gc0w/post/1442073",
            "created_at": "2012-11-08T02:27:30Z",
            "entities": {
                "hashtags": [],
                "links": [],
                "mentions": [
                    {
                        "id": "23558",
                        "len": 15,
                        "name": "jacarandachick",
                        "pos": 0
                    }
                ]
            },
            "html": "<span itemscope=\"https://app.net/schemas/Post\"><span itemprop=\"mention\" data-mention-id=\"23558\" data-mention-name=\"jacarandachick\">@jacarandachick</span> never! </span>",
            "id": "1442073",
            "machine_only": false,
            "num_replies": 0,
            "num_reposts": 0,
            "num_stars": 0,
            "reply_to": "1439652",
            "source": {
                "client_id": "2uhEw9GVqcpWsg3QLArB4vc7sqayKR4D",
                "link": "http://getrob.in",
                "name": "Robin"
            },
            "text": "@jacarandachick never! ",
            "thread_id": "1438478",
            "user": {
                "avatar_image": {
                    "height": 200,
                    "url": "https://d2rfichhc2fb9n.cloudfront.net/image/4/DWYFdGXJU_-E_IzDIUYlH-yiLvycYhUqkjmKkFPI0fgap-ILbsOlL7kcwmJRVNTurCZDqGBB7kL9-542avidi-6AXvvDrRyq12LZxqFEQVsWAElTv5gGWHUrB3GqjSvvOH8UBGzspxU4R1hUP25wmdChKcU",
                    "width": 200
                },
                "canonical_url": "https://alpha.app.net/d0gc0w",
                "counts": {
                    "followers": 94,
                    "following": 169,
                    "posts": 2064,
                    "stars": 1
                },
                "cover_image": {
                    "height": 490,
                    "url": "https://d2rfichhc2fb9n.cloudfront.net/image/4/u1wUnKqI6xQb9lts0AI7TqgtlOWNQw9sUWH3hAiQd6F9UtO5ngRQtEAfGcT9tkzfMXLSW9VVXNbnTyz8VijGv9BhUIQOU3Z-O9KWQQGtoBrjMjcP_Gl8kTzu_EpAPpRK0oi0X1eSOUoUNGAVGXQgVDdopoA",
                    "width": 1018
                },
                "created_at": "2012-10-08T03:47:07Z",
                "description": {
                    "entities": {
                        "hashtags": [],
                        "links": [],
                        "mentions": []
                    },
                    "html": "<span itemscope=\"https://app.net/schemas/Post\">mid-Atlantic technology drifter</span>",
                    "text": "mid-Atlantic technology drifter"
                },
                "id": "24212",
                "locale": "en",
                "name": "Glen",
                "timezone": "America/Los_Angeles",
                "type": "human",
                "username": "d0gc0w"
            }
        },
        {
            "canonical_url": "https://alpha.app.net/idaviddesmet/post/1442072",
            "created_at": "2012-11-08T02:27:29Z",
            "entities": {
                "hashtags": [],
                "links": [
                    {
                        "len": 18,
                        "pos": 91,
                        "text": "http://d.pr/i/m6hu",
                        "url": "http://d.pr/i/m6hu"
                    }
                ],
                "mentions": []
            },
            "html": "<span itemscope=\"https://app.net/schemas/Post\">Yay! Got the money to purchase the Porsche 911 Carrera S NFS Edition.. Should I go for it? <a href=\"http://d.pr/i/m6hu\">http://d.pr/i/m6hu</a></span>",
            "id": "1442072",
            "machine_only": false,
            "num_replies": 0,
            "num_reposts": 0,
            "num_stars": 0,
            "source": {
                "client_id": "QHhyYpuARCwurZdGuuR7zjDMHDRkwcKm",
                "link": "http://tapbots.com/software/netbot",
                "name": "Netbot for iOS"
            },
            "text": "Yay! Got the money to purchase the Porsche 911 Carrera S NFS Edition.. Should I go for it? http://d.pr/i/m6hu",
            "thread_id": "1442072",
            "user": {
                "avatar_image": {
                    "height": 200,
                    "url": "https://d2rfichhc2fb9n.cloudfront.net/image/4/coRj1nhWeIWXbhBJDhStMw4UlberbWFmEvsh5aKDBuj8uiWL7w3Xn82cy1K2G9nr5Cau7gGLOMbGIY4XnG8NGDM4_jYoCLh-vkJrpfANhdG_R8pDWGAPBQEAlDb7LIFaRke-H4MPo_55P2U1LFV8LXv-PGU",
                    "width": 200
                },
                "canonical_url": "https://alpha.app.net/idaviddesmet",
                "counts": {
                    "followers": 21,
                    "following": 110,
                    "posts": 186,
                    "stars": 1
                },
                "cover_image": {
                    "height": 276,
                    "url": "https://d2rfichhc2fb9n.cloudfront.net/image/4/wOZ1VdXkMUixSV0kqCjDbl_69nS0hqXRr0rKHks_noupbiIR7I8G7dqswYBZ3k9Z25bj3upcmw-ciI4PtQEPLR_0wRlguA6WF0B5mmWB1DqOreo1oCsCdwy8AZT6CvksBgu6jGUxGCqeebyGOrnhqEyjXZM",
                    "width": 960
                },
                "created_at": "2012-10-04T06:13:56Z",
                "description": {
                    "entities": {
                        "hashtags": [],
                        "links": [],
                        "mentions": []
                    },
                    "html": "<span itemscope=\"https://app.net/schemas/Post\">Senior Software Developer (.NET), Technical Consultant, CEO at iSoftDev Co, 3D Designer, Model, Writer and ... that's me!</span>",
                    "text": "Senior Software Developer (.NET), Technical Consultant, CEO at iSoftDev Co, 3D Designer, Model, Writer and ... that's me!"
                },
                "id": "22209",
                "locale": "en",
                "name": "David De Smet",
                "timezone": "America/Los_Angeles",
                "type": "human",
                "username": "idaviddesmet"
            }
        },
        {
            "canonical_url": "https://alpha.app.net/jmock/post/1442071",
            "created_at": "2012-11-08T02:27:19Z",
            "entities": {
                "hashtags": [],
                "links": [],
                "mentions": [
                    {
                        "id": "6729",
                        "len": 4,
                        "name": "tml",
                        "pos": 0
                    }
                ]
            },
            "html": "<span itemscope=\"https://app.net/schemas/Post\"><span itemprop=\"mention\" data-mention-id=\"6729\" data-mention-name=\"tml\">@tml</span> Errr, yeah, selling. I totally missed a word there. I'd love to keep both but can't really afford to, especially since I need to upgrade my phone too. This iPhone 4 is killin' me :P</span>",
            "id": "1442071",
            "machine_only": false,
            "num_replies": 0,
            "num_reposts": 0,
            "num_stars": 0,
            "reply_to": "1442036",
            "source": {
                "client_id": "cRWp45kA49pQKtxsZQXdwTnyuU6jBwuA",
                "link": "http://tigerbears.com/felix",
                "name": "Felix"
            },
            "text": "@tml Errr, yeah, selling. I totally missed a word there. I'd love to keep both but can't really afford to, especially since I need to upgrade my phone too. This iPhone 4 is killin' me :P",
            "thread_id": "1441853",
            "user": {
                "avatar_image": {
                    "height": 200,
                    "url": "https://d2rfichhc2fb9n.cloudfront.net/image/4/zjc0C1r4rVFVCui2m0Vd_mzW1XWQzG-NBr3Ke9LB97rQZMgCNJ92xfVPY_3NwLf2RIHMbjnIbw0-aRRQXdxr91g7FOOtQFC469mij69gQIH9BTAjNFHWzGqvb_s2q6jtlj76SihD7pm1nTdj5rjlo-sThY0",
                    "width": 200
                },
                "canonical_url": "https://alpha.app.net/jmock",
                "counts": {
                    "followers": 63,
                    "following": 129,
                    "posts": 476,
                    "stars": 5
                },
                "cover_image": {
                    "height": 400,
                    "url": "https://d2rfichhc2fb9n.cloudfront.net/image/4/0c1lwFjWcFu9st6nTejdfkth4C2vcENTfgKh6JfMeoOvN2aDxE_qiWkuPYooQvdlf4BBqk1pvhueBd9ixJvWkta3Jg-f6fsRDhMeFmYjDv2wsqzTKeELBMgwzd3VHkF8WDND_X58lyZmRWTJvDbSEdwV6EY",
                    "width": 960
                },
                "created_at": "2012-08-20T14:50:29Z",
                "description": {
                    "entities": {
                        "hashtags": [],
                        "links": [
                            {
                                "len": 15,
                                "pos": 131,
                                "text": "http://48px.net",
                                "url": "http://48px.net"
                            }
                        ],
                        "mentions": []
                    },
                    "html": "<span itemscope=\"https://app.net/schemas/Post\">Dad of 3-yr old fraternal twin boys. Gamer. Mac and iOS nerd. Red Sox fan. Portlander. Web Development Manager at onOne Software.\r\n<a href=\"http://48px.net\">http://48px.net</a></span>",
                    "text": "Dad of 3-yr old fraternal twin boys. Gamer. Mac and iOS nerd. Red Sox fan. Portlander. Web Development Manager at onOne Software.\r\nhttp://48px.net"
                },
                "id": "8137",
                "locale": "en_US",
                "name": "Jim Mock",
                "timezone": "America/Los_Angeles",
                "type": "human",
                "username": "jmock"
            }
        },
        {
            "canonical_url": "https://alpha.app.net/ednapiranha/post/1442070",
            "created_at": "2012-11-08T02:26:46Z",
            "entities": {
                "hashtags": [
                    {
                        "len": 10,
                        "name": "noodleapp",
                        "pos": 49
                    }
                ],
                "links": [],
                "mentions": []
            },
            "html": "<span itemscope=\"https://app.net/schemas/Post\">There seems to be intermittent loading issues in <span itemprop=\"hashtag\" data-hashtag-name=\"noodleapp\">#noodleapp</span> in the post overlay view - I'll be taking a look in more detail in a bit (am away from a computer currently)</span>",
            "id": "1442070",
            "machine_only": false,
            "num_replies": 0,
            "num_reposts": 0,
            "num_stars": 0,
            "source": {
                "client_id": "36dxbj5PwYchJSekCFrSFUzkQBsXSNFY",
                "link": "http://app.noodletalk.org",
                "name": "NoodleApp"
            },
            "text": "There seems to be intermittent loading issues in #noodleapp in the post overlay view - I'll be taking a look in more detail in a bit (am away from a computer currently)",
            "thread_id": "1442070",
            "user": {
                "avatar_image": {
                    "height": 200,
                    "url": "https://d2rfichhc2fb9n.cloudfront.net/image/4/Xj8g2iAoeyooXBoTVgdLzvg-EjEoqdhqVXNjAAUqj82i4KuEuWL-rzoasbsQ8kDrPSG-5D1U-dOe9DcBXnusaALwM8ogpDirUiTStf8IgjptnXqHD29E2njCCFgAh962RIUV7InM-zldMtgzr-bbEgKBWK4",
                    "width": 200
                },
                "canonical_url": "https://alpha.app.net/ednapiranha",
                "counts": {
                    "followers": 187,
                    "following": 68,
                    "posts": 2163,
                    "stars": 13
                },
                "cover_image": {
                    "height": 720,
                    "url": "https://d2rfichhc2fb9n.cloudfront.net/image/4/rUMixRtz8sRu0hdh0JMU_pvTAuGjJwnVO7Yf05PGARwGNb1U5ve8zUV8HsIFjbz8fuml68qhmhzI0R4yELPZiowhW_12Nnos8e27yese2zY8h9vz2MpAmHiBhQbbi8xUg7t4qz-CjUjwrqXxAI3py60BeVs",
                    "width": 960
                },
                "created_at": "2012-09-21T01:38:58Z",
                "description": {
                    "entities": {
                        "hashtags": [],
                        "links": [
                            {
                                "len": 22,
                                "pos": 21,
                                "text": "http://ednapiranha.com",
                                "url": "http://ednapiranha.com"
                            },
                            {
                                "len": 29,
                                "pos": 51,
                                "text": "http://github.com/ednapiranha",
                                "url": "http://github.com/ednapiranha"
                            },
                            {
                                "len": 7,
                                "pos": 84,
                                "text": "app.net",
                                "url": "http://app.net"
                            },
                            {
                                "len": 20,
                                "pos": 104,
                                "text": "http://noodleapp.net",
                                "url": "http://noodleapp.net"
                            }
                        ],
                        "mentions": [
                            {
                                "id": "25348",
                                "len": 7,
                                "name": "noodle",
                                "pos": 136
                            }
                        ]
                    },
                    "html": "<span itemscope=\"https://app.net/schemas/Post\">work: Mozilla\r\nblog: <a href=\"http://ednapiranha.com\">http://ednapiranha.com</a>\r\ncode: <a href=\"http://github.com/ednapiranha\">http://github.com/ednapiranha</a>\r\n\r\n<a href=\"http://app.net\">app.net</a> web client: <a href=\"http://noodleapp.net\">http://noodleapp.net</a> (or follow <span itemprop=\"mention\" data-mention-id=\"25348\" data-mention-name=\"noodle\">@noodle</span>)</span>",
                    "text": "work: Mozilla\r\nblog: http://ednapiranha.com\r\ncode: http://github.com/ednapiranha\r\n\r\napp.net web client: http://noodleapp.net (or follow @noodle)"
                },
                "id": "19422",
                "locale": "en_US",
                "name": "Edna Piranha",
                "timezone": "America/Los_Angeles",
                "type": "human",
                "username": "ednapiranha"
            }
        },
        {
            "canonical_url": "https://alpha.app.net/agiletortoise/post/1442069",
            "created_at": "2012-11-08T02:26:42Z",
            "entities": {
                "hashtags": [],
                "links": [],
                "mentions": [
                    {
                        "id": "667",
                        "len": 7,
                        "name": "jsnell",
                        "pos": 0
                    },
                    {
                        "id": "1389",
                        "len": 7,
                        "name": "lexfri",
                        "pos": 8
                    }
                ]
            },
            "html": "<span itemscope=\"https://app.net/schemas/Post\"><span itemprop=\"mention\" data-mention-id=\"667\" data-mention-name=\"jsnell\">@jsnell</span> <span itemprop=\"mention\" data-mention-id=\"1389\" data-mention-name=\"lexfri\">@lexfri</span> it was a good piece. A little disappointed you didn&#8217;t burn the furniture. </span>",
            "id": "1442069",
            "machine_only": false,
            "num_replies": 0,
            "num_reposts": 0,
            "num_stars": 0,
            "reply_to": "1441981",
            "source": {
                "client_id": "QHhyYpuARCwurZdGuuR7zjDMHDRkwcKm",
                "link": "http://tapbots.com/software/netbot",
                "name": "Netbot for iOS"
            },
            "text": "@jsnell @lexfri it was a good piece. A little disappointed you didn\u2019t burn the furniture. ",
            "thread_id": "1441722",
            "user": {
                "avatar_image": {
                    "height": 200,
                    "url": "https://d2rfichhc2fb9n.cloudfront.net/image/4/ELl2quYwrrkYB9mX4W4ip0HFsnkb6UTn00wMoKQtStBFmgGtFsinCOFMxeBtmnP_nWPAaDmGfJKlI3Boqd06vUEC8ka_3XusHdaks_VyOD86-XiLFzKR9EmXEwrdEcCNhV_ibS3aMhfMyr6bFtVI2815yxQ",
                    "width": 200
                },
                "canonical_url": "https://alpha.app.net/agiletortoise",
                "counts": {
                    "followers": 485,
                    "following": 127,
                    "posts": 345,
                    "stars": 44
                },
                "cover_image": {
                    "height": 298,
                    "url": "https://d2rfichhc2fb9n.cloudfront.net/image/4/Ia1SSTujFukGOOtpLpki-cyguceZTwCJmlPFK9nztcHr4rLGhv1eGWam-CP23VJY40k599Ft8_ulylObXT9JIbRWL3MxOWG_lpf4_0E9mV47zYI9vKqeNcXapFtjDP4Ei6Hwxn0oNfnf8U1bmFsQIocc12c",
                    "width": 1024
                },
                "created_at": "2012-08-10T23:08:35Z",
                "description": {
                    "entities": {
                        "hashtags": [],
                        "links": [],
                        "mentions": []
                    },
                    "html": "<span itemscope=\"https://app.net/schemas/Post\">I make stuff. Sometimes stuff for your iOS devices.</span>",
                    "text": "I make stuff. Sometimes stuff for your iOS devices."
                },
                "id": "1638",
                "locale": "en",
                "name": "Greg Pierce",
                "timezone": "America/Chicago",
                "type": "human",
                "username": "agiletortoise"
            }
        },
        {
            "canonical_url": "https://alpha.app.net/patrickrhone/post/1442068",
            "created_at": "2012-11-08T02:26:41Z",
            "entities": {
                "hashtags": [],
                "links": [],
                "mentions": []
            },
            "html": "<span itemscope=\"https://app.net/schemas/Post\">Yay. Just planned a 10K and coffee with my coach tomorrow. Nice way to start a day. </span>",
            "id": "1442068",
            "machine_only": false,
            "num_replies": 0,
            "num_reposts": 0,
            "num_stars": 0,
            "source": {
                "client_id": "QHhyYpuARCwurZdGuuR7zjDMHDRkwcKm",
                "link": "http://tapbots.com/software/netbot",
                "name": "Netbot for iOS"
            },
            "text": "Yay. Just planned a 10K and coffee with my coach tomorrow. Nice way to start a day. ",
            "thread_id": "1442068",
            "user": {
                "avatar_image": {
                    "height": 200,
                    "url": "https://d2rfichhc2fb9n.cloudfront.net/image/4/WPt-4HWJfCsdG79H-wsy_Y3pV-jElJHc5Wlefre62i2wwu64VzhA8PO7suEeM-ACndpje1j6QSsBK6raE0wlvvRAApKmDRrlXzZ3uNMlh0TuMJbPNTh9cJCzIlaprOM64Ng6xinYAXXqM8XkRXUQ6LLORjQ",
                    "width": 200
                },
                "canonical_url": "https://alpha.app.net/patrickrhone",
                "counts": {
                    "followers": 759,
                    "following": 110,
                    "posts": 1600,
                    "stars": 20
                },
                "cover_image": {
                    "height": 1024,
                    "url": "https://d2rfichhc2fb9n.cloudfront.net/image/4/4uSbNHu3646XYVSVdAH5Luwa7t9kNVYaz78qkPNsa1sJKihwJdBwd7rjQMXIW_XSjaY5dd__MZQR0r2H_vHdet7rxvLwq_FForHVe4xfqOS2_RBozTM78uw1mCCzE1kfQs-8QAYErlOnGBFdd-zmHCjd9sk",
                    "width": 1024
                },
                "created_at": "2012-08-12T03:43:37Z",
                "description": {
                    "entities": {
                        "hashtags": [],
                        "links": [
                            {
                                "len": 23,
                                "pos": 32,
                                "text": "http://patrickrhone.net",
                                "url": "http://patrickrhone.net"
                            }
                        ],
                        "mentions": []
                    },
                    "html": "<span itemscope=\"https://app.net/schemas/Post\">Writer and Commentator. More at <a href=\"http://patrickrhone.net\">http://patrickrhone.net</a></span>",
                    "text": "Writer and Commentator. More at http://patrickrhone.net"
                },
                "id": "2921",
                "locale": "en_US",
                "name": "Patrick Rhone",
                "timezone": "America/Los_Angeles",
                "type": "human",
                "username": "patrickrhone"
            }
        },
        {
            "canonical_url": "https://alpha.app.net/jonf/post/1442067",
            "created_at": "2012-11-08T02:26:20Z",
            "entities": {
                "hashtags": [],
                "links": [
                    {
                        "len": 18,
                        "pos": 86,
                        "text": "http://d.pr/i/3Hkq",
                        "url": "http://d.pr/i/3Hkq"
                    }
                ],
                "mentions": []
            },
            "html": "<span itemscope=\"https://app.net/schemas/Post\">Battle of the Mac ADN clients. With Tweetbot thrown in for a full social experience.  <a href=\"http://d.pr/i/3Hkq\">http://d.pr/i/3Hkq</a></span>",
            "id": "1442067",
            "machine_only": false,
            "num_replies": 0,
            "num_reposts": 0,
            "num_stars": 0,
            "source": {
                "client_id": "cRWp45kA49pQKtxsZQXdwTnyuU6jBwuA",
                "link": "http://tigerbears.com/felix",
                "name": "Felix"
            },
            "text": "Battle of the Mac ADN clients. With Tweetbot thrown in for a full social experience.  http://d.pr/i/3Hkq",
            "thread_id": "1442067",
            "user": {
                "avatar_image": {
                    "height": 200,
                    "url": "https://d2rfichhc2fb9n.cloudfront.net/image/4/GHTe2i31y3FxdzLEarukcp0L8GmnGVQD4Z5J-DuzSaWNVyWxAPQXkH8LW1rQHBEvCDrHKOa-L_bgM2ya1KoUFT_7S74ojOL_EuMf2HWFI42CaW1YLKx-JSPQ09vSuLTeIpAicKh_3DIp9cn6q9C7icyajRs",
                    "width": 200
                },
                "canonical_url": "https://alpha.app.net/jonf",
                "counts": {
                    "followers": 61,
                    "following": 136,
                    "posts": 1355,
                    "stars": 32
                },
                "cover_image": {
                    "height": 2048,
                    "url": "https://d2rfichhc2fb9n.cloudfront.net/image/4/Nq4UB5Tlz-UGQHVBmY2aSuiTx63GCurUpxYW3CRSy_4LdSo8UNduc6W1dHTZc1GOuacsAIiLdM3M5-HlKIRtqflQ1itW0OmpOJAUHJ4fmsefYqGOnfm7NweEyKIas6k5QxmS-WaM1WKmOO0d4Hk6vDrwHUU",
                    "width": 2048
                },
                "created_at": "2012-10-05T12:57:07Z",
                "description": {
                    "entities": {
                        "hashtags": [],
                        "links": [],
                        "mentions": []
                    },
                    "html": "<span itemscope=\"https://app.net/schemas/Post\">I am a tech geek, drummer, and an Apple fan who loves Jesus, my lovely wife, Starbucks, and my job as a service technician for an alarm company. I live in Levittown, Pennsylvania, USA. \r\n\r\nTwitter: @omegacowboy\r\n\r\nGame Center: Omegacowboy88\r\n\r\n</span>",
                    "text": "I am a tech geek, drummer, and an Apple fan who loves Jesus, my lovely wife, Starbucks, and my job as a service technician for an alarm company. I live in Levittown, Pennsylvania, USA. \r\n\r\nTwitter: @omegacowboy\r\n\r\nGame Center: Omegacowboy88\r\n\r\n"
                },
                "id": "23388",
                "locale": "en",
                "name": "Jon Faehl",
                "timezone": "America/New_York",
                "type": "human",
                "username": "jonf"
            }
        },
        {
            "canonical_url": "https://alpha.app.net/tml/post/1442066",
            "created_at": "2012-11-08T02:26:18Z",
            "entities": {
                "hashtags": [],
                "links": [],
                "mentions": []
            },
            "html": "<span itemscope=\"https://app.net/schemas/Post\">I&#8217;m out of mulling spices, so I have to add spiced rum to my hot cider tonight. Tragic.</span>",
            "id": "1442066",
            "machine_only": false,
            "num_replies": 0,
            "num_reposts": 0,
            "num_stars": 0,
            "source": {
                "client_id": "QHhyYpuARCwurZdGuuR7zjDMHDRkwcKm",
                "link": "http://tapbots.com/software/netbot",
                "name": "Netbot for iOS"
            },
            "text": "I\u2019m out of mulling spices, so I have to add spiced rum to my hot cider tonight. Tragic.",
            "thread_id": "1442066",
            "user": {
                "avatar_image": {
                    "height": 200,
                    "url": "https://d2rfichhc2fb9n.cloudfront.net/image/4/rZzOYCrgFUuDuLdVYnjQ0jfujyejqmlAzvEU0cR2Cm7ZoIQv6KvamTNU8n5DgFe_srMDROatYnT5NpSWlJp9cHYV-porggdLuFwP_Il8GObaHid3LNq0sIinf0pKSEZkrbUDDV5S1o8C_FEXeoYu8BP9Ejk",
                    "width": 200
                },
                "canonical_url": "https://alpha.app.net/tml",
                "counts": {
                    "followers": 194,
                    "following": 194,
                    "posts": 1755,
                    "stars": 15
                },
                "cover_image": {
                    "height": 1536,
                    "url": "https://d2rfichhc2fb9n.cloudfront.net/image/4/BmAnxUCr8CIuqud94KT1TT_aKB9DA7PUB-zNfUIoJ1ee1LQIGj8qX1OfP6yFl9S_JjsycJKjolnjSXt3uhzotlImd_ChAsqglCv9NHtsNkzrer0cPJoAV2JWl9W4QuBaUbElmoxJOW8Xtqq42q4Iyb4ZI60",
                    "width": 2048
                },
                "created_at": "2012-08-17T23:04:48Z",
                "description": {
                    "entities": {
                        "hashtags": [],
                        "links": [],
                        "mentions": []
                    },
                    "html": "<span itemscope=\"https://app.net/schemas/Post\">News researcher and archivist. Person.\r\n\r\nOpinions are my own except when I read your mind, in which case they're yours.</span>",
                    "text": "News researcher and archivist. Person.\r\n\r\nOpinions are my own except when I read your mind, in which case they're yours."
                },
                "id": "6729",
                "locale": "en_US",
                "name": "Tina",
                "timezone": "America/Los_Angeles",
                "type": "human",
                "username": "tml"
            }
        }
    ],
    "meta": {
        "code": 200,
        "max_id": 1442086,
        "min_id": 1442066,
        "more": true
    }
}