{
    "data": [
        {
            "canonical_url": "https://alpha.app.net/henryvb/post/1410812",
            "created_at": "2012-11-06T12:53:45Z",
            "entities": {
                "hashtags": [],
                "links": [],
                "mentions": [
                    {
                        "id": "19696",
                        "len": 11,
                        "name": "chriscarey",
                        "pos": 0
                    }
                ]
            },
            "html": "<span itemscope=\"https://app.net/schemas/Post\"><span itemprop=\"mention\" data-mention-id=\"19696\" data-mention-name=\"chriscarey\">@chriscarey</span> They got smart in Illinois &#8211; which is hard to believe. They don't use voter registrations to create the pool, they use drivers licenses. </span>",
            "id": "1410812",
            "machine_only": false,
            "num_replies": 0,
            "num_reposts": 0,
            "num_stars": 0,
            "reply_to": "1410714",
            "source": {
                "client_id": "gBfsq77yqyhLAL2XBUDN3yvgJvsbJZvW",
                "link": "http://www.rivrapp.com",
                "name": "Rivr"
            },
            "text": "@chriscarey They got smart in Illinois \u2013 which is hard to believe. They don't use voter registrations to create the pool, they use drivers licenses. ",
            "thread_id": "1410714",
            "user": {
                "avatar_image": {
                    "height": 200,
                    "url": "https://d2rfichhc2fb9n.cloudfront.net/image/4/Lx580ewzsBm4jvXNSK2qVUfb22mMUJRoMCaium8mZ8Xh5CRIEdN3Cioi4xsCADkzoqdx72ea2nlTJu3ezsjY7bAVVTvmm4CUflWpkGsRjGwsqHrFvCvPYw-SlFK0vaGVp0qlNuhfzibu3p3qkB_EaBEFuzU",
                    "width": 200
                },
                "canonical_url": "https://alpha.app.net/henryvb",
                "counts": {
                    "followers": 8,
                    "following": 14,
                    "posts": 113,
                    "stars": 9
                },
                "cover_image": {
                    "height": 440,
                    "url": "https://d2rfichhc2fb9n.cloudfront.net/image/4/MKlaXUAnLgKSS5ClyN_a9te9cpNfIK57xo3_7qBC90fW9J_LNTMESU-rAqjc8nnKihM5YI9SrrSXe6-xKhnezkY4KzA1GFU-BhXnj47g6W2_73CM2iWBqTAKNr3ndh3zziRzfJdIh_yhAK0I8-qg_zD78C4",
                    "width": 1024
                },
                "created_at": "2012-08-21T12:09:07Z",
                "description": {
                    "entities": {
                        "hashtags": [],
                        "links": [],
                        "mentions": []
                    },
                    "html": "<span itemscope=\"https://app.net/schemas/Post\">User, Developer, Rabble-Rouser.</span>",
                    "text": "User, Developer, Rabble-Rouser."
                },
                "id": "11640",
                "locale": "en",
                "name": "Henry Van Bogaert",
                "timezone": "America/Chicago",
                "type": "human",
                "username": "henryvb"
            }
        },
        {
            "canonical_url": "https://alpha.app.net/technico/post/1410811",
            "created_at": "2012-11-06T12:53:38Z",
            "entities": {
                "hashtags": [],
                "links": [
                    {
                        "len": 21,
                        "pos": 41,
                        "text": "http://tcni.co/SUsBls",
                        "url": "http://tcni.co/SUsBls"
                    }
                ],
                "mentions": []
            },
            "html": "<span itemscope=\"https://app.net/schemas/Post\">Surface RT \"more profitable\" than iPad / <a href=\"http://tcni.co/SUsBls\">http://tcni.co/SUsBls</a></span>",
            "id": "1410811",
            "machine_only": false,
            "num_replies": 0,
            "num_reposts": 0,
            "num_stars": 0,
            "source": {
                "client_id": "RQW8mehVHU3wLdWLWd8YH3tuYzAq29W2",
                "link": "http://bufferapp.com",
                "name": "Buffer"
            },
            "text": "Surface RT \"more profitable\" than iPad / http://tcni.co/SUsBls",
            "thread_id": "1410811",
            "user": {
                "avatar_image": {
                    "height": 200,
                    "url": "https://d2rfichhc2fb9n.cloudfront.net/image/4/gkEUD1WLt525nmfpC3QAzAI1U3Ld1vjkgwrv6meCkOb-hGCNkFE8EpWx_8ilTnkemGIEUzKw1MEYQzjxvQWyLn5l_-mAA4sBEvdZtal2b7jZXCtXnB-yTLsVlcYyY5OVocfiTRCZ3IDzoW6uDGa-ZRBKAjU",
                    "width": 200
                },
                "canonical_url": "https://alpha.app.net/technico",
                "counts": {
                    "followers": 3,
                    "following": 18,
                    "posts": 26,
                    "stars": 1
                },
                "cover_image": {
                    "height": 544,
                    "url": "https://d2rfichhc2fb9n.cloudfront.net/image/4/VdHPc2dNEJhr_UNtJHeN0rOb_RpCxCrpem7K619cGGsVp1EXrAsNaMLVWHK951pKWKZ8TF_8iMmSvtHsJLwu9FeIcNrg1PzgYJMpNxurvPCd5RuHRao54l24TIe-egyK7u80_L2qTzlInJbGPs4PBvpLM_Q",
                    "width": 1280
                },
                "created_at": "2012-10-02T19:16:45Z",
                "description": {
                    "entities": {
                        "hashtags": [],
                        "links": [
                            {
                                "len": 23,
                                "pos": 46,
                                "text": "http://spicemelange.net",
                                "url": "http://spicemelange.net"
                            }
                        ],
                        "mentions": []
                    },
                    "html": "<span itemscope=\"https://app.net/schemas/Post\">Minimalism aficionado &amp; technology observer.\r\n<a href=\"http://spicemelange.net\">http://spicemelange.net</a></span>",
                    "text": "Minimalism aficionado & technology observer.\r\nhttp://spicemelange.net"
                },
                "id": "20414",
                "locale": "en",
                "name": "Nicolas Magand",
                "timezone": "Europe/Paris",
                "type": "human",
                "username": "technico"
            }
        },
        {
            "canonical_url": "https://alpha.app.net/iancarroll/post/1410810",
            "created_at": "2012-11-06T12:53:37Z",
            "entities": {
                "hashtags": [],
                "links": [],
                "mentions": [
                    {
                        "id": "15401",
                        "len": 8,
                        "name": "cowboyd",
                        "pos": 0
                    }
                ]
            },
            "html": "<span itemscope=\"https://app.net/schemas/Post\"><span itemprop=\"mention\" data-mention-id=\"15401\" data-mention-name=\"cowboyd\">@cowboyd</span> If there was one, they wouldn't release the patch after all...</span>",
            "id": "1410810",
            "machine_only": false,
            "num_replies": 0,
            "num_reposts": 0,
            "num_stars": 0,
            "reply_to": "1410683",
            "source": {
                "client_id": "9gbNKzXYsyzErU9K2J7v88XaFRfwsDzN",
                "link": "http://www.planet1107.net",
                "name": "AppNet Rhino"
            },
            "text": "@cowboyd If there was one, they wouldn't release the patch after all...",
            "thread_id": "1406069",
            "user": {
                "avatar_image": {
                    "height": 200,
                    "url": "https://d2rfichhc2fb9n.cloudfront.net/image/4/MHTax3qCKZjiXyQXEDB7WGPNq2V8WbWvvP_PiEiDQxdJT1XQjps95GH8ee1UNiByQj8uiugtqtbW9YHnUQ1MGNPvy9fhAecNZUtHC4x3mHbbDCBx6gTWEqVHYJoTXpGx4ZRnOoDhKcQLjKlNeaqUdVN49As",
                    "width": 200
                },
                "canonical_url": "https://alpha.app.net/iancarroll",
                "counts": {
                    "followers": 4,
                    "following": 3,
                    "posts": 35,
                    "stars": 0
                },
                "cover_image": {
                    "height": 300,
                    "url": "https://d2rfichhc2fb9n.cloudfront.net/image/4/yAagqo8VR6V6yI8jU4nKLcwsK9Yg2XAdEJ5eoohJ5pPFwj7htFnITmLEoB-DmAa5stk65lF_AcnO-wcg-6bsnzIyH_LYFhY6nO2giDTd42GLNs7UJU62NxIHlGuhWE42iF_mOWhh0vhfAg-pMY83oMPP478",
                    "width": 960
                },
                "created_at": "2012-11-05T12:49:33Z",
                "description": {
                    "entities": {
                        "hashtags": [],
                        "links": [
                            {
                                "len": 7,
                                "pos": 55,
                                "text": "app.net",
                                "url": "http://app.net"
                            }
                        ],
                        "mentions": []
                    },
                    "html": "<span itemscope=\"https://app.net/schemas/Post\">Addicted to Mac, iOS, iPhone 4S. Codes in HTML, thinks <a href=\"http://app.net\">app.net</a> is pretty cool. Runs Snap Apps, makes iOS apps.</span>",
                    "text": "Addicted to Mac, iOS, iPhone 4S. Codes in HTML, thinks app.net is pretty cool. Runs Snap Apps, makes iOS apps."
                },
                "id": "27503",
                "locale": "en",
                "name": "Ian Carroll",
                "timezone": "America/Los_Angeles",
                "type": "human",
                "username": "iancarroll"
            }
        },
        {
            "canonical_url": "https://alpha.app.net/bojan/post/1410809",
            "created_at": "2012-11-06T12:53:28Z",
            "entities": {
                "hashtags": [
                    {
                        "len": 10,
                        "name": "elections",
                        "pos": 44
                    }
                ],
                "links": [],
                "mentions": []
            },
            "html": "<span itemscope=\"https://app.net/schemas/Post\">Please America, don't go Commy on me today! <span itemprop=\"hashtag\" data-hashtag-name=\"elections\">#elections</span></span>",
            "id": "1410809",
            "machine_only": false,
            "num_replies": 0,
            "num_reposts": 0,
            "num_stars": 0,
            "source": {
                "client_id": "PDvZfuW8zhzjwU8PF9KEzFbAcTn6T67U",
                "link": "http://wedge.natestedman.com",
                "name": "Wedge"
            },
            "text": "Please America, don't go Commy on me today! #elections",
            "thread_id": "1410809",
            "user": {
                "avatar_image": {
                    "height": 200,
                    "url": "https://d2rfichhc2fb9n.cloudfront.net/image/4/nZoep7rlHyixNZsT-KXDxR-z3tbZFoXZEgdtZu202NeVdUfc_etr3Kb84Dp5ZMgoJh47A1ltqqWuB0ormqssvkY4mzsDKfcEQ5E6s_Xwyp1AAbVj0Je6D33H_egjDkYQ0hfRVHkoy4WwAyTkY31dM4ON_wA",
                    "width": 200
                },
                "canonical_url": "https://alpha.app.net/bojan",
                "counts": {
                    "followers": 36,
                    "following": 106,
                    "posts": 761,
                    "stars": 13
                },
                "cover_image": {
                    "height": 1536,
                    "url": "https://d2rfichhc2fb9n.cloudfront.net/image/4/0WFix0Z3jVLSBVEW7rTrh8o1b9SlU6o0zdpUcd7ZftjZ54SHGJMyhkuayNMOMoAvQDkwv_-aZl_14L0KIwLC8h_k6QIjYo_UOlRxjdlr85F-Fc2dI9yurLBMoncACZ-cZLcIZABSTwXIT1wfMVE7DireLeI",
                    "width": 2048
                },
                "created_at": "2012-10-26T14:02:39Z",
                "description": {
                    "entities": {
                        "hashtags": [],
                        "links": [
                            {
                                "len": 30,
                                "pos": 102,
                                "text": "http://www.alphaefficiency.com",
                                "url": "http://www.alphaefficiency.com"
                            }
                        ],
                        "mentions": []
                    },
                    "html": "<span itemscope=\"https://app.net/schemas/Post\">Immigrant to USA with huge passion for productivity and Apple technology. I write on those topics at: <a href=\"http://www.alphaefficiency.com\">http://www.alphaefficiency.com</a></span>",
                    "text": "Immigrant to USA with huge passion for productivity and Apple technology. I write on those topics at: http://www.alphaefficiency.com"
                },
                "id": "26855",
                "locale": "en",
                "name": "Bojan Djordjevic",
                "timezone": "America/Los_Angeles",
                "type": "human",
                "username": "bojan"
            }
        },
        {
            "canonical_url": "https://alpha.app.net/alicia/post/1410808",
            "created_at": "2012-11-06T12:53:27Z",
            "entities": {
                "hashtags": [],
                "links": [],
                "mentions": [
                    {
                        "id": "4669",
                        "len": 12,
                        "name": "spacekatgal",
                        "pos": 0
                    },
                    {
                        "id": "1",
                        "len": 7,
                        "name": "dalton",
                        "pos": 39
                    },
                    {
                        "id": "14",
                        "len": 4,
                        "name": "ben",
                        "pos": 51
                    }
                ]
            },
            "html": "<span itemscope=\"https://app.net/schemas/Post\"><span itemprop=\"mention\" data-mention-id=\"4669\" data-mention-name=\"spacekatgal\">@spacekatgal</span> I&#8217;m sure that&#8217;s something <span itemprop=\"mention\" data-mention-id=\"1\" data-mention-name=\"dalton\">@dalton</span> and <span itemprop=\"mention\" data-mention-id=\"14\" data-mention-name=\"ben\">@ben</span> have discussed. Maybe the point is not to have any, which is a provocative concept. :)</span>",
            "id": "1410808",
            "machine_only": false,
            "num_replies": 0,
            "num_reposts": 0,
            "num_stars": 0,
            "reply_to": "1407531",
            "source": {
                "client_id": "QHhyYpuARCwurZdGuuR7zjDMHDRkwcKm",
                "link": "http://tapbots.com/software/netbot",
                "name": "Netbot for iOS"
            },
            "text": "@spacekatgal I\u2019m sure that\u2019s something @dalton and @ben have discussed. Maybe the point is not to have any, which is a provocative concept. :)",
            "thread_id": "1403205",
            "user": {
                "avatar_image": {
                    "height": 200,
                    "url": "https://d2rfichhc2fb9n.cloudfront.net/image/4/gJRsVQl9Tu9oorNBNUw3TYkHI9RvJ7n5-Cv_NMGT0huQP_SUw1BdMUJ11fxruxCMdpDa0nOCnn_nwcPbhtpZUD-9y8lQB92vXxzj7OwEthrR3NfVFbC-I87KYRBpDPMMfTKat_naq_r4kY_FDxOJyES-W3w",
                    "width": 200
                },
                "canonical_url": "https://alpha.app.net/alicia",
                "counts": {
                    "followers": 544,
                    "following": 299,
                    "posts": 11166,
                    "stars": 101
                },
                "cover_image": {
                    "height": 2592,
                    "url": "https://d2rfichhc2fb9n.cloudfront.net/image/4/bgtlNpySyAVZMub0JA1eZcG1vXCEnOiHWw9852GnePF66cPmuJuSEw0yTxgle-yFcYIm277uXl0eGJtYZjkAPkQb5kdDz0i0I4ecRWuanxKIcYXegzG_9wBerBx7wSALJ6uFQWMspmEfeiUpH4-ovoQ8SZU",
                    "width": 3456
                },
                "created_at": "2012-08-25T01:39:07Z",
                "description": {
                    "entities": {
                        "hashtags": [
                            {
                                "len": 11,
                                "name": "cookieclub",
                                "pos": 103
                            },
                            {
                                "len": 11,
                                "name": "bondmonday",
                                "pos": 175
                            }
                        ],
                        "links": [
                            {
                                "len": 12,
                                "pos": 21,
                                "text": "6forgold.com",
                                "url": "http://6forgold.com"
                            }
                        ],
                        "mentions": []
                    },
                    "html": "<span itemscope=\"https://app.net/schemas/Post\">I market startups at <a href=\"http://6forgold.com\">6forgold.com</a>. Mindbat who flits from art to branding to food. Proud member of the <span itemprop=\"hashtag\" data-hashtag-name=\"cookieclub\">#cookieclub</span>. Will be changing avatars relentlessly on November 12th for <span itemprop=\"hashtag\" data-hashtag-name=\"bondmonday\">#bondmonday</span>.</span>",
                    "text": "I market startups at 6forgold.com. Mindbat who flits from art to branding to food. Proud member of the #cookieclub. Will be changing avatars relentlessly on November 12th for #bondmonday."
                },
                "id": "17371",
                "locale": "en",
                "name": "Alicia Kan",
                "timezone": "America/Chicago",
                "type": "human",
                "username": "alicia"
            }
        },
        {
            "canonical_url": "https://alpha.app.net/jesseadametz/post/1410807",
            "created_at": "2012-11-06T12:53:22Z",
            "entities": {
                "hashtags": [
                    {
                        "len": 13,
                        "name": "election2012",
                        "pos": 154
                    }
                ],
                "links": [],
                "mentions": []
            },
            "html": "<span itemscope=\"https://app.net/schemas/Post\">Good morning ADN. Please go out and vote today! Take the time to form _your_ opinion today, research the amendments, and make the biggest impact you can! <span itemprop=\"hashtag\" data-hashtag-name=\"election2012\">#election2012</span> </span>",
            "id": "1410807",
            "machine_only": false,
            "num_replies": 0,
            "num_reposts": 0,
            "num_stars": 0,
            "source": {
                "client_id": "QHhyYpuARCwurZdGuuR7zjDMHDRkwcKm",
                "link": "http://tapbots.com/software/netbot",
                "name": "Netbot for iOS"
            },
            "text": "Good morning ADN. Please go out and vote today! Take the time to form _your_ opinion today, research the amendments, and make the biggest impact you can! #election2012 ",
            "thread_id": "1410807",
            "user": {
                "avatar_image": {
                    "height": 200,
                    "url": "https://d2rfichhc2fb9n.cloudfront.net/image/4/tmG6X0fGwtAkyzni9-gR4Zk2PDrcEkAEeDjF8XzClQx4UBzVs0lyFbjILNnwqZGamRXOZTbo_jfiZy-y5mQVfPbwhKYoRAV63jesf0qNuS-RQEyWw2gErRYltB-YtAfhoBNKwYfXydRU7I0I0ZAhoJOdmio",
                    "width": 200
                },
                "canonical_url": "https://alpha.app.net/jesseadametz",
                "counts": {
                    "followers": 27,
                    "following": 40,
                    "posts": 337,
                    "stars": 11
                },
                "cover_image": {
                    "height": 330,
                    "url": "https://d2rfichhc2fb9n.cloudfront.net/image/4/ynubXAGhfGPUTdOVthdVGAbMJFOzKQ8a8NP5peWAN1Ext-FuZhk-_67CHx3VGGBsUSznfRcFwAB9ekLBdHEcFHIBJacMLAjJfk4UD_zTZOIRnhBIOneQbcM0EgISj5fHCGQdJVTyfGgrx8bdvjQnuH9AHfw",
                    "width": 960
                },
                "created_at": "2012-08-23T13:09:07Z",
                "description": {
                    "entities": {
                        "hashtags": [],
                        "links": [
                            {
                                "len": 16,
                                "pos": 88,
                                "text": "jesseadametz.com",
                                "url": "http://jesseadametz.com"
                            }
                        ],
                        "mentions": []
                    },
                    "html": "<span itemscope=\"https://app.net/schemas/Post\">Data Analyst. SQL Whiz. Passion for automation, productivity, elegant design, and beer. <a href=\"http://jesseadametz.com\">jesseadametz.com</a></span>",
                    "text": "Data Analyst. SQL Whiz. Passion for automation, productivity, elegant design, and beer. jesseadametz.com"
                },
                "id": "17059",
                "locale": "en",
                "name": "Jesse Adametz",
                "timezone": "America/New_York",
                "type": "human",
                "username": "jesseadametz"
            }
        },
        {
            "canonical_url": "https://alpha.app.net/mrrobinson/post/1410806",
            "created_at": "2012-11-06T12:53:18Z",
            "entities": {
                "hashtags": [],
                "links": [],
                "mentions": []
            },
            "html": "<span itemscope=\"https://app.net/schemas/Post\">Vote!  Make your voice be heard.</span>",
            "id": "1410806",
            "machine_only": false,
            "num_replies": 0,
            "num_reposts": 0,
            "num_stars": 0,
            "source": {
                "client_id": "caYWDBvjwt2e9HWMm6qyKS6KcATHUkzQ",
                "link": "https://alpha.app.net",
                "name": "Alpha"
            },
            "text": "Vote!  Make your voice be heard.",
            "thread_id": "1410806",
            "user": {
                "avatar_image": {
                    "height": 200,
                    "url": "https://d2rfichhc2fb9n.cloudfront.net/image/4/5sRj3Lf4T9eZq2TBHhuSjAHDw2nW9LramnEct1YIn_3YjbF8mleOq8c_wHTX7GsIu9TWHaKs03uW-359KpdrSxCAdATsIlbmTs5jtmFg9PE-Z-PCa11NtOfpp8CYkU6HXLmel1Dr8bIt-n6qsPwOQdmaloI",
                    "width": 200
                },
                "canonical_url": "https://alpha.app.net/mrrobinson",
                "counts": {
                    "followers": 118,
                    "following": 296,
                    "posts": 1852,
                    "stars": 8
                },
                "cover_image": {
                    "height": 1154,
                    "url": "https://d2rfichhc2fb9n.cloudfront.net/image/4/8zYYJ78nmPiWVfdDj5cyMpFdvdHlHLLO-_zo40USAiVO8n8097jNsVcA4KNbwBacG8XLvodiS8XmgDG_cq3aDyP17qUSCH_p2esmQSywrJP3Jnry4xuFPo0Riop_b5Q44u2rh7fZE9VyVccvSbk7a3LXdiI",
                    "width": 2048
                },
                "created_at": "2012-08-24T00:39:07Z",
                "description": {
                    "entities": {
                        "hashtags": [],
                        "links": [],
                        "mentions": [
                            {
                                "id": "17208",
                                "len": 11,
                                "name": "MrRobinson",
                                "pos": 186
                            }
                        ]
                    },
                    "html": "<span itemscope=\"https://app.net/schemas/Post\">Owner of Tech FanatiX - Our Spin On Tech - family man, workout nut, volleyball player, professional beer taster, polygadgetrous and always learning.  Oh yeah, I like chick peas. Find me <span itemprop=\"mention\" data-mention-id=\"17208\" data-mention-name=\"MrRobinson\">@MrRobinson</span> on Das Twittaz.</span>",
                    "text": "Owner of Tech FanatiX - Our Spin On Tech - family man, workout nut, volleyball player, professional beer taster, polygadgetrous and always learning.  Oh yeah, I like chick peas. Find me @MrRobinson on Das Twittaz."
                },
                "id": "17208",
                "locale": "en_US",
                "name": "Mr Robinson",
                "timezone": "America/Los_Angeles",
                "type": "human",
                "username": "mrrobinson"
            }
        },
        {
            "canonical_url": "https://alpha.app.net/movethemntns/post/1410805",
            "created_at": "2012-11-06T12:53:14Z",
            "entities": {
                "hashtags": [],
                "links": [],
                "mentions": [
                    {
                        "id": "24028",
                        "len": 4,
                        "name": "rka",
                        "pos": 0
                    }
                ]
            },
            "html": "<span itemscope=\"https://app.net/schemas/Post\"><span itemprop=\"mention\" data-mention-id=\"24028\" data-mention-name=\"rka\">@rka</span> mach ich ja (: aber vielleicht gibts ja geheimtipps oder so ha.</span>",
            "id": "1410805",
            "machine_only": false,
            "num_replies": 0,
            "num_reposts": 0,
            "num_stars": 0,
            "reply_to": "1409910",
            "source": {
                "client_id": "gBfsq77yqyhLAL2XBUDN3yvgJvsbJZvW",
                "link": "http://www.rivrapp.com",
                "name": "Rivr"
            },
            "text": "@rka mach ich ja (: aber vielleicht gibts ja geheimtipps oder so ha.",
            "thread_id": "1409848",
            "user": {
                "avatar_image": {
                    "height": 200,
                    "url": "https://d2rfichhc2fb9n.cloudfront.net/image/4/Xn1ZTwkhDj38fIBpd1ZMajEoPOEvT69njl69mKeinL3RmurtM_aM91CXMlE_7elajDBcK2RJ_QVzTZNMiDrsuG4fdBL7vnblmkwfmmacyRFmCYuUQvbjPOAUy_FTx7ZCUOcLggkl0-RKWjVI0XVKdN9hUGg",
                    "width": 200
                },
                "canonical_url": "https://alpha.app.net/movethemntns",
                "counts": {
                    "followers": 12,
                    "following": 37,
                    "posts": 82,
                    "stars": 2
                },
                "cover_image": {
                    "height": 2448,
                    "url": "https://d2rfichhc2fb9n.cloudfront.net/image/4/dYFiOr48FCOILsaVlL6SACHFjXIErcnAl0NZWJHkK9wcsmwEG_794UIbBg6Tr0MwziU-dBzTVpXvfrxHktQjVesnrRRqQ5hUyVfa8snUARDAoyj4Ido8h5h22yTLo1rwmh28KbIMqw9m8_PuKAZg7htdhJY",
                    "width": 3264
                },
                "created_at": "2012-10-23T19:48:32Z",
                "description": {
                    "entities": {
                        "hashtags": [],
                        "links": [],
                        "mentions": []
                    },
                    "html": "<span itemscope=\"https://app.net/schemas/Post\">thpx, student, 22, german, posts mostly in english</span>",
                    "text": "thpx, student, 22, german, posts mostly in english"
                },
                "id": "26686",
                "locale": "en",
                "name": "movethemntns",
                "timezone": "America/Los_Angeles",
                "type": "human",
                "username": "movethemntns"
            }
        },
        {
            "canonical_url": "https://alpha.app.net/icy/post/1410804",
            "created_at": "2012-11-06T12:53:13Z",
            "entities": {
                "hashtags": [
                    {
                        "len": 12,
                        "name": "lessthan100",
                        "pos": 55
                    }
                ],
                "links": [],
                "mentions": [
                    {
                        "id": "3052",
                        "len": 8,
                        "name": "berklee",
                        "pos": 0
                    },
                    {
                        "id": "4669",
                        "len": 12,
                        "name": "spacekatgal",
                        "pos": 9
                    }
                ]
            },
            "html": "<span itemscope=\"https://app.net/schemas/Post\"><span itemprop=\"mention\" data-mention-id=\"3052\" data-mention-name=\"berklee\">@berklee</span> <span itemprop=\"mention\" data-mention-id=\"4669\" data-mention-name=\"spacekatgal\">@spacekatgal</span> I would appreciate that support. <span itemprop=\"hashtag\" data-hashtag-name=\"lessthan100\">#lessthan100</span> </span>",
            "id": "1410804",
            "machine_only": false,
            "num_replies": 0,
            "num_reposts": 0,
            "num_stars": 0,
            "reply_to": "1409581",
            "source": {
                "client_id": "cRWp45kA49pQKtxsZQXdwTnyuU6jBwuA",
                "link": "http://tigerbears.com/felix",
                "name": "Felix"
            },
            "text": "@berklee @spacekatgal I would appreciate that support. #lessthan100 ",
            "thread_id": "1409020",
            "user": {
                "avatar_image": {
                    "height": 200,
                    "url": "https://d2rfichhc2fb9n.cloudfront.net/image/4/cB53WtP9A4tS0ZE-R3hrUt6WsETYxAWgSuno4LmZAlkiNpnm6YVMikz6OSqvWQQIanbtvvHB6JuCZsWV7lapONPzHhWujf_-vsTAQ-EeN-duG86jS3tSJ1y_fidO7af4yF_x0c7Vnig-cAqMRReCtVuxA18",
                    "width": 200
                },
                "canonical_url": "https://alpha.app.net/icy",
                "counts": {
                    "followers": 24,
                    "following": 38,
                    "posts": 184,
                    "stars": 7
                },
                "cover_image": {
                    "height": 2448,
                    "url": "https://d2rfichhc2fb9n.cloudfront.net/image/4/-nU5ooxgaVwbRGUxAQGmuTh1PIbFb-PTMLNyVvv8hkawSDffFuM6Xv3Tha3uvfbtl7RRxDUbmD9pbXZZ_8HNIcpgjkAKbqGzXSe-V0KR2rz-OKnPs9fJpd2dCvegyogE4GFdQq-LUv590EzVttRxK0bmbiA",
                    "width": 2448
                },
                "created_at": "2012-11-03T15:08:02Z",
                "description": {
                    "entities": {
                        "hashtags": [
                            {
                                "len": 6,
                                "name": "music",
                                "pos": 21
                            },
                            {
                                "len": 4,
                                "name": "art",
                                "pos": 37
                            },
                            {
                                "len": 8,
                                "name": "fashion",
                                "pos": 51
                            }
                        ],
                        "links": [
                            {
                                "len": 14,
                                "pos": 71,
                                "text": "icyjohnson.com",
                                "url": "http://icyjohnson.com"
                            }
                        ],
                        "mentions": []
                    },
                    "html": "<span itemscope=\"https://app.net/schemas/Post\">Personal Stylist.\r\n\r\n<span itemprop=\"hashtag\" data-hashtag-name=\"music\">#Music</span> Lover.   <span itemprop=\"hashtag\" data-hashtag-name=\"art\">#Art</span> Lover.   <span itemprop=\"hashtag\" data-hashtag-name=\"fashion\">#Fashion</span> Lover. \r\n\r\n<a href=\"http://icyjohnson.com\">icyjohnson.com</a></span>",
                    "text": "Personal Stylist.\r\n\r\n#Music Lover.   #Art Lover.   #Fashion Lover. \r\n\r\nicyjohnson.com"
                },
                "id": "27408",
                "locale": "en",
                "name": "Icy Johnson",
                "timezone": "America/Los_Angeles",
                "type": "human",
                "username": "icy"
            }
        },
        {
            "canonical_url": "https://alpha.app.net/harper/post/1410803",
            "created_at": "2012-11-06T12:53:13Z",
            "entities": {
                "hashtags": [
                    {
                        "len": 8,
                        "name": "forward",
                        "pos": 63
                    }
                ],
                "links": [
                    {
                        "len": 20,
                        "pos": 104,
                        "text": "http://t.co/iXBnY9FA",
                        "url": "http://t.co/iXBnY9FA"
                    }
                ],
                "mentions": []
            },
            "html": "<span itemscope=\"https://app.net/schemas/Post\">RT @Lis_Smith: View from the HQ: sun rises over Lake Michigan. <span itemprop=\"hashtag\" data-hashtag-name=\"forward\">#Forward</span> @ Obama for America Campaign HQ <a href=\"http://t.co/iXBnY9FA\">http://t.co/iXBnY9FA</a></span>",
            "id": "1410803",
            "machine_only": false,
            "num_replies": 0,
            "num_reposts": 0,
            "num_stars": 0,
            "source": {
                "client_id": "6ZNtpcGyqQRFsUtYeudUspAKC7AwRFPA",
                "link": "http://barackobama.com",
                "name": "OFA"
            },
            "text": "RT @Lis_Smith: View from the HQ: sun rises over Lake Michigan. #Forward @ Obama for America Campaign HQ http://t.co/iXBnY9FA",
            "thread_id": "1410803",
            "user": {
                "avatar_image": {
                    "height": 128,
                    "url": "https://d2rfichhc2fb9n.cloudfront.net/image/4/9n_sYpYO1wJyLQI28-iifrJESuAsunOvJSdZZ0StUudNH1KBKW9I_41sQj8lZ_jI2UsqGssWi4SRisX4mD-0ndOqS-7jhsACOpe3rwhEzvyDm6UQo8IESrV0T-ahxxkAfYOVWjhbb4VCcGlT6seg4S4GuSw",
                    "width": 128
                },
                "canonical_url": "https://alpha.app.net/harper",
                "counts": {
                    "followers": 79,
                    "following": 1,
                    "posts": 735,
                    "stars": 0
                },
                "cover_image": {
                    "height": 1365,
                    "url": "https://d2rfichhc2fb9n.cloudfront.net/image/4/MXQiNT8FgDS5MmY71VLYYS7y86WZjy8kdPsMiXBU7m2wg6a8nBT6ZM83o-H4xhb3LZwShU6Uo5xDVecwx0MFERIUenjM1Z6L3XB59WV4pID_WRbHVIEkFDAOZk_oJyVgzUR3INoUR9KlVO3CD8ZAXyU_SyU",
                    "width": 2048
                },
                "created_at": "2012-08-22T04:39:07Z",
                "description": {
                    "entities": {
                        "hashtags": [],
                        "links": [],
                        "mentions": []
                    },
                    "html": "<span itemscope=\"https://app.net/schemas/Post\">I am awesome</span>",
                    "text": "I am awesome"
                },
                "id": "14996",
                "locale": "en_US",
                "name": "harper reed",
                "timezone": "America/Los_Angeles",
                "type": "human",
                "username": "harper"
            }
        },
        {
            "canonical_url": "https://alpha.app.net/berklee/post/1410802",
            "created_at": "2012-11-06T12:53:10Z",
            "entities": {
                "hashtags": [],
                "links": [],
                "mentions": [
                    {
                        "id": "27408",
                        "len": 4,
                        "name": "icy",
                        "pos": 0
                    },
                    {
                        "id": "26771",
                        "len": 8,
                        "name": "conradr",
                        "pos": 5
                    }
                ]
            },
            "html": "<span itemscope=\"https://app.net/schemas/Post\"><span itemprop=\"mention\" data-mention-id=\"27408\" data-mention-name=\"icy\">@icy</span> <span itemprop=\"mention\" data-mention-id=\"26771\" data-mention-name=\"conradr\">@conradr</span> you&#8217;ll be fine, don&#8217;t worry!</span>",
            "id": "1410802",
            "machine_only": false,
            "num_replies": 0,
            "num_reposts": 0,
            "num_stars": 0,
            "reply_to": "1410792",
            "source": {
                "client_id": "QHhyYpuARCwurZdGuuR7zjDMHDRkwcKm",
                "link": "http://tapbots.com/software/netbot",
                "name": "Netbot for iOS"
            },
            "text": "@icy @conradr you\u2019ll be fine, don\u2019t worry!",
            "thread_id": "1409020",
            "user": {
                "avatar_image": {
                    "height": 200,
                    "url": "https://d2rfichhc2fb9n.cloudfront.net/image/4/MK9oSt09q6qJ7hb1iAHvClORfrjTQaM1osTqxWd_dIYdFZynfgKk_aQEeX-NpnZxDEFHcBu6rcka__dNRapoZuZs-v7HWgpma2cBP3KQd1iwJykOEy-mhBLCIwP2qLqs0k2ZScYVXFj2nDa8I_8Q13qmSYE",
                    "width": 200
                },
                "canonical_url": "https://alpha.app.net/berklee",
                "counts": {
                    "followers": 130,
                    "following": 141,
                    "posts": 3283,
                    "stars": 12
                },
                "cover_image": {
                    "height": 480,
                    "url": "https://d2rfichhc2fb9n.cloudfront.net/image/4/QjKWqATc_hNBx83VSvAC2kKxwT13v7yJmBSb5emNwo5VJO5DVv7XZkkFHYTZ5p2GEC6FAbemZdQhJEbJx_B2W9m5df7jhwSesqzMeq3advzNeSRYAV_X2x8931WneHtysITL--KVYsiyohKrpNiDaZigOmc",
                    "width": 1280
                },
                "created_at": "2012-08-12T16:11:29Z",
                "description": {
                    "entities": {
                        "hashtags": [],
                        "links": [],
                        "mentions": []
                    },
                    "html": "<span itemscope=\"https://app.net/schemas/Post\">Factotum&#8212;the good kind&#8230;</span>",
                    "text": "Factotum\u2014the good kind\u2026"
                },
                "id": "3052",
                "locale": "en_US",
                "name": "Berklee",
                "timezone": "America/Los_Angeles",
                "type": "human",
                "username": "berklee"
            }
        },
        {
            "canonical_url": "https://alpha.app.net/harper/post/1410801",
            "created_at": "2012-11-06T12:53:01Z",
            "entities": {
                "hashtags": [],
                "links": [],
                "mentions": [
                    {
                        "id": "1782",
                        "len": 6,
                        "name": "clint",
                        "pos": 0
                    }
                ]
            },
            "html": "<span itemscope=\"https://app.net/schemas/Post\"><span itemprop=\"mention\" data-mention-id=\"1782\" data-mention-name=\"clint\">@clint</span> did you vote?</span>",
            "id": "1410801",
            "machine_only": false,
            "num_replies": 0,
            "num_reposts": 0,
            "num_stars": 0,
            "source": {
                "client_id": "6ZNtpcGyqQRFsUtYeudUspAKC7AwRFPA",
                "link": "http://barackobama.com",
                "name": "OFA"
            },
            "text": "@clint did you vote?",
            "thread_id": "1410801",
            "user": {
                "avatar_image": {
                    "height": 128,
                    "url": "https://d2rfichhc2fb9n.cloudfront.net/image/4/9n_sYpYO1wJyLQI28-iifrJESuAsunOvJSdZZ0StUudNH1KBKW9I_41sQj8lZ_jI2UsqGssWi4SRisX4mD-0ndOqS-7jhsACOpe3rwhEzvyDm6UQo8IESrV0T-ahxxkAfYOVWjhbb4VCcGlT6seg4S4GuSw",
                    "width": 128
                },
                "canonical_url": "https://alpha.app.net/harper",
                "counts": {
                    "followers": 79,
                    "following": 1,
                    "posts": 735,
                    "stars": 0
                },
                "cover_image": {
                    "height": 1365,
                    "url": "https://d2rfichhc2fb9n.cloudfront.net/image/4/MXQiNT8FgDS5MmY71VLYYS7y86WZjy8kdPsMiXBU7m2wg6a8nBT6ZM83o-H4xhb3LZwShU6Uo5xDVecwx0MFERIUenjM1Z6L3XB59WV4pID_WRbHVIEkFDAOZk_oJyVgzUR3INoUR9KlVO3CD8ZAXyU_SyU",
                    "width": 2048
                },
                "created_at": "2012-08-22T04:39:07Z",
                "description": {
                    "entities": {
                        "hashtags": [],
                        "links": [],
                        "mentions": []
                    },
                    "html": "<span itemscope=\"https://app.net/schemas/Post\">I am awesome</span>",
                    "text": "I am awesome"
                },
                "id": "14996",
                "locale": "en_US",
                "name": "harper reed",
                "timezone": "America/Los_Angeles",
                "type": "human",
                "username": "harper"
            }
        },
        {
            "canonical_url": "https://alpha.app.net/happybuddha/post/1410800",
            "created_at": "2012-11-06T12:52:56Z",
            "entities": {
                "hashtags": [
                    {
                        "len": 7,
                        "name": "ifixit",
                        "pos": 22
                    }
                ],
                "links": [],
                "mentions": [
                    {
                        "id": "20548",
                        "len": 12,
                        "name": "flusskiesel",
                        "pos": 0
                    }
                ]
            },
            "html": "<span itemscope=\"https://app.net/schemas/Post\"><span itemprop=\"mention\" data-mention-id=\"20548\" data-mention-name=\"flusskiesel\">@flusskiesel</span> Oooh :-) <span itemprop=\"hashtag\" data-hashtag-name=\"ifixit\">#ifixit</span> </span>",
            "id": "1410800",
            "machine_only": false,
            "num_replies": 0,
            "num_reposts": 0,
            "num_stars": 0,
            "reply_to": "1410620",
            "source": {
                "client_id": "PDvZfuW8zhzjwU8PF9KEzFbAcTn6T67U",
                "link": "http://wedge.natestedman.com",
                "name": "Wedge"
            },
            "text": "@flusskiesel Oooh :-) #ifixit ",
            "thread_id": "1410535",
            "user": {
                "avatar_image": {
                    "height": 200,
                    "url": "https://d2rfichhc2fb9n.cloudfront.net/image/4/N6PsN5DzwxnhT6Ptg7k01fFiDp5BqQ3DRV2_KvG2nIfBT8IZpZ-pb5GslpujW3rWb7kr1AlzbZQPaR9L3uBdgZr2e0e6x8-LK5pQJ5hp_X06lloN5tu69TRIByx9j3xwDvaa1ccre_j0ZOQxxVz2U-GwkT0",
                    "width": 200
                },
                "canonical_url": "https://alpha.app.net/happybuddha",
                "counts": {
                    "followers": 81,
                    "following": 87,
                    "posts": 552,
                    "stars": 25
                },
                "cover_image": {
                    "height": 768,
                    "url": "https://d2rfichhc2fb9n.cloudfront.net/image/4/zd3tb5OwD1NoyYbO0AVWUM9NQcmzfsRhFnJj_MT0aM7cZN2mjvoVm92I0DmA5tHLB2PsbPZZW_tER6nZgmyHXHBIFhseWIL0L5U8PWeMic4sD_rUzw6mdKhlLgC6Ti86YYOLHQ1as-AnmOAuhrDG8LtQwtw",
                    "width": 1024
                },
                "created_at": "2012-10-06T10:16:44Z",
                "description": {
                    "entities": {
                        "hashtags": [],
                        "links": [],
                        "mentions": []
                    },
                    "html": "<span itemscope=\"https://app.net/schemas/Post\">Besserpunk. Privat-Account.</span>",
                    "text": "Besserpunk. Privat-Account."
                },
                "id": "23758",
                "locale": "de",
                "name": "J\u00fcrgen B.",
                "timezone": "Europe/Berlin",
                "type": "human",
                "username": "happybuddha"
            }
        },
        {
            "canonical_url": "https://alpha.app.net/movethemntns/post/1410799",
            "created_at": "2012-11-06T12:52:48Z",
            "entities": {
                "hashtags": [],
                "links": [],
                "mentions": [
                    {
                        "id": "20892",
                        "len": 6,
                        "name": "sebbo",
                        "pos": 0
                    }
                ]
            },
            "html": "<span itemscope=\"https://app.net/schemas/Post\"><span itemprop=\"mention\" data-mention-id=\"20892\" data-mention-name=\"sebbo\">@sebbo</span> jop^^</span>",
            "id": "1410799",
            "machine_only": false,
            "num_replies": 0,
            "num_reposts": 0,
            "num_stars": 0,
            "reply_to": "1399750",
            "source": {
                "client_id": "gBfsq77yqyhLAL2XBUDN3yvgJvsbJZvW",
                "link": "http://www.rivrapp.com",
                "name": "Rivr"
            },
            "text": "@sebbo jop^^",
            "thread_id": "1399699",
            "user": {
                "avatar_image": {
                    "height": 200,
                    "url": "https://d2rfichhc2fb9n.cloudfront.net/image/4/Xn1ZTwkhDj38fIBpd1ZMajEoPOEvT69njl69mKeinL3RmurtM_aM91CXMlE_7elajDBcK2RJ_QVzTZNMiDrsuG4fdBL7vnblmkwfmmacyRFmCYuUQvbjPOAUy_FTx7ZCUOcLggkl0-RKWjVI0XVKdN9hUGg",
                    "width": 200
                },
                "canonical_url": "https://alpha.app.net/movethemntns",
                "counts": {
                    "followers": 12,
                    "following": 37,
                    "posts": 82,
                    "stars": 2
                },
                "cover_image": {
                    "height": 2448,
                    "url": "https://d2rfichhc2fb9n.cloudfront.net/image/4/dYFiOr48FCOILsaVlL6SACHFjXIErcnAl0NZWJHkK9wcsmwEG_794UIbBg6Tr0MwziU-dBzTVpXvfrxHktQjVesnrRRqQ5hUyVfa8snUARDAoyj4Ido8h5h22yTLo1rwmh28KbIMqw9m8_PuKAZg7htdhJY",
                    "width": 3264
                },
                "created_at": "2012-10-23T19:48:32Z",
                "description": {
                    "entities": {
                        "hashtags": [],
                        "links": [],
                        "mentions": []
                    },
                    "html": "<span itemscope=\"https://app.net/schemas/Post\">thpx, student, 22, german, posts mostly in english</span>",
                    "text": "thpx, student, 22, german, posts mostly in english"
                },
                "id": "26686",
                "locale": "en",
                "name": "movethemntns",
                "timezone": "America/Los_Angeles",
                "type": "human",
                "username": "movethemntns"
            }
        },
        {
            "canonical_url": "https://alpha.app.net/iblindtech/post/1410798",
            "created_at": "2012-11-06T12:52:31Z",
            "entities": {
                "hashtags": [],
                "links": [],
                "mentions": [
                    {
                        "id": "6661",
                        "len": 10,
                        "name": "marcozehe",
                        "pos": 0
                    },
                    {
                        "id": "1178",
                        "len": 14,
                        "name": "jaredsinclair",
                        "pos": 11
                    }
                ]
            },
            "html": "<span itemscope=\"https://app.net/schemas/Post\"><span itemprop=\"mention\" data-mention-id=\"6661\" data-mention-name=\"marcozehe\">@marcozehe</span> <span itemprop=\"mention\" data-mention-id=\"1178\" data-mention-name=\"jaredsinclair\">@jaredsinclair</span> Oh well, hope the native iPad version will be along before to long. It's the one piece of the puzzle missing for me with ADN  </span>",
            "id": "1410798",
            "machine_only": false,
            "num_replies": 0,
            "num_reposts": 0,
            "num_stars": 0,
            "reply_to": "1378069",
            "source": {
                "client_id": "FS62JKk5qYppVA8JWhZvPepU7A33PXtD",
                "link": "http://www.instadesk-app.com/appetizer",
                "name": "Appetizer"
            },
            "text": "@marcozehe @jaredsinclair Oh well, hope the native iPad version will be along before to long. It's the one piece of the puzzle missing for me with ADN  ",
            "thread_id": "1362760",
            "user": {
                "avatar_image": {
                    "height": 160,
                    "url": "https://d2rfichhc2fb9n.cloudfront.net/image/4/_qtbudHpXtjys3CJVSRcSFcOYtCeY5wbD_tXdTiuhTAUV3vfYbKcF8TkvJRJiEbdDaRsUuChlN1rHzNDHm2Bj6OJ4y1LKkNQW64xqfLCUkjBy60_4D7lWlDpXKBZVN45MpoIFOVWHqIFNsvS0SRyUlA4lyA",
                    "width": 160
                },
                "canonical_url": "https://alpha.app.net/iblindtech",
                "counts": {
                    "followers": 9,
                    "following": 17,
                    "posts": 33,
                    "stars": 2
                },
                "cover_image": {
                    "height": 260,
                    "url": "https://d2rfichhc2fb9n.cloudfront.net/image/4/X1p8y7MSNnMKbPq2Oe7-TPwEBzgDDwkrw7Cy9-iBH96aL2gycU8siG0lF6fI7ZP0yYh5iiExlK5pfCMghlN8Er-KvLDnBMIlH_KM_ZjlHsi01f5bodSkvsOf6JRDI_Xsb51_EQjHcbXpPqgBvYvjWxVNRvA",
                    "width": 960
                },
                "created_at": "2012-10-12T04:28:32Z",
                "description": {
                    "entities": {
                        "hashtags": [],
                        "links": [],
                        "mentions": []
                    }
                },
                "id": "25282",
                "locale": "en",
                "name": "Garth Humphreys",
                "timezone": "America/Los_Angeles",
                "type": "human",
                "username": "iblindtech"
            }
        },
        {
            "canonical_url": "https://alpha.app.net/omartinez/post/1410797",
            "created_at": "2012-11-06T12:52:27Z",
            "entities": {
                "hashtags": [],
                "links": [],
                "mentions": []
            },
            "html": "<span itemscope=\"https://app.net/schemas/Post\">Lets vote! </span>",
            "id": "1410797",
            "machine_only": false,
            "num_replies": 0,
            "num_reposts": 0,
            "num_stars": 0,
            "source": {
                "client_id": "QHhyYpuARCwurZdGuuR7zjDMHDRkwcKm",
                "link": "http://tapbots.com/software/netbot",
                "name": "Netbot for iOS"
            },
            "text": "Lets vote! ",
            "thread_id": "1410797",
            "user": {
                "avatar_image": {
                    "height": 200,
                    "url": "https://d2rfichhc2fb9n.cloudfront.net/image/4/wyO9gmDL8sVzBAtYwqKPXPylBoaKo9pnjOF249qrH2LlG61RbHkwW7xRv7SaCv2WFwZ1gNagTkB7gUL5nXezlE2SzxO6HKhVqBrbEkZaGoQmHQIbDWrSSAFRi3rVhS3WA0G_8iHp7XxoGSVwjUfv_DFZZAE",
                    "width": 200
                },
                "canonical_url": "https://alpha.app.net/omartinez",
                "counts": {
                    "followers": 5,
                    "following": 10,
                    "posts": 22,
                    "stars": 0
                },
                "cover_image": {
                    "height": 300,
                    "url": "https://d2rfichhc2fb9n.cloudfront.net/image/4/BcgWAKg4Axiy56ZPORVTnlyFdun3x21yI0GgzJhr5uhf5tmRdvHV2RZZrJBWgNpVH00JRPARTcHTTfJhLanbxgEASUIx0U8FGum0Ocu_nHpSVmbiwWHIaVZodYSoDydXzV2-xgVBQeBYG_zwCzvdKDyeU1o",
                    "width": 960
                },
                "created_at": "2012-10-01T20:34:49Z",
                "description": {
                    "entities": {
                        "hashtags": [],
                        "links": [
                            {
                                "len": 15,
                                "pos": 53,
                                "text": "http://om12.net",
                                "url": "http://om12.net"
                            }
                        ],
                        "mentions": []
                    },
                    "html": "<span itemscope=\"https://app.net/schemas/Post\">Lead Technologist at AgencyNet. I write stuff too at <a href=\"http://om12.net\">http://om12.net</a></span>",
                    "text": "Lead Technologist at AgencyNet. I write stuff too at http://om12.net"
                },
                "id": "19771",
                "locale": "en",
                "name": "Omar Martinez",
                "timezone": "America/New_York",
                "type": "human",
                "username": "omartinez"
            }
        },
        {
            "canonical_url": "https://alpha.app.net/trine/post/1410796",
            "created_at": "2012-11-06T12:52:21Z",
            "entities": {
                "hashtags": [],
                "links": [],
                "mentions": [
                    {
                        "id": "17799",
                        "len": 8,
                        "name": "caitlin",
                        "pos": 0
                    },
                    {
                        "id": "3052",
                        "len": 8,
                        "name": "berklee",
                        "pos": 190
                    }
                ]
            },
            "html": "<span itemscope=\"https://app.net/schemas/Post\"><span itemprop=\"mention\" data-mention-id=\"17799\" data-mention-name=\"caitlin\">@caitlin</span> yes it is :) given to women at risk of giving birth early as it helps the babies grow their lungs super fast so they have a chance of surviving outside the womb - pretty amazing :) <span itemprop=\"mention\" data-mention-id=\"3052\" data-mention-name=\"berklee\">@berklee</span> </span>",
            "id": "1410796",
            "machine_only": false,
            "num_replies": 0,
            "num_reposts": 0,
            "num_stars": 0,
            "reply_to": "1410744",
            "source": {
                "client_id": "cRWp45kA49pQKtxsZQXdwTnyuU6jBwuA",
                "link": "http://tigerbears.com/felix",
                "name": "Felix"
            },
            "text": "@caitlin yes it is :) given to women at risk of giving birth early as it helps the babies grow their lungs super fast so they have a chance of surviving outside the womb - pretty amazing :) @berklee ",
            "thread_id": "1409127",
            "user": {
                "avatar_image": {
                    "height": 200,
                    "url": "https://d2rfichhc2fb9n.cloudfront.net/image/4/_bSGqigjeIxrCbAhJb2RkqsVflGB7lY-gAKzVeSI312Chmr_YCooOSKk_QBrCAm4C86pIKK8vwRH1oesenQd860R4t0U7u7RbYNmplKGvNYoWGgiKXBvS_TUNrEq4FgB0bva-Cwo_vfLUQsE6Ce46ng2boQ",
                    "width": 200
                },
                "canonical_url": "https://alpha.app.net/trine",
                "counts": {
                    "followers": 904,
                    "following": 231,
                    "posts": 10657,
                    "stars": 30
                },
                "cover_image": {
                    "height": 583,
                    "url": "https://d2rfichhc2fb9n.cloudfront.net/image/4/4TeXxDCrXXBU148zrqIp1wxgztj1oM62Kw5vWablJRaI12vae51Fo9E_wVMwo6F6bsvTo0z_OZApjyEywdZ4Qwkj5Oi2GeO4k2VE78TtyQ3FoNd3bBAPilKNbyYlNs_Gfs4-q30uD8AvJgptJNnV4fTMeOU",
                    "width": 960
                },
                "created_at": "2012-08-06T03:25:37Z",
                "description": {
                    "entities": {
                        "hashtags": [
                            {
                                "len": 14,
                                "name": "academicwidow",
                                "pos": 77
                            },
                            {
                                "len": 11,
                                "name": "cookieclub",
                                "pos": 103
                            }
                        ],
                        "links": [],
                        "mentions": []
                    },
                    "html": "<span itemscope=\"https://app.net/schemas/Post\">Norwegian\r\nCompulsive over-sharer\r\nCompulsive avatar-changerer\r\nSuper-mamma\r\n<span itemprop=\"hashtag\" data-hashtag-name=\"academicwidow\">#academicwidow</span>\r\nMember of <span itemprop=\"hashtag\" data-hashtag-name=\"cookieclub\">#cookieclub</span>\r\nGorgepus\r\n\r\nlove to chat - come say hi! :)</span>",
                    "text": "Norwegian\r\nCompulsive over-sharer\r\nCompulsive avatar-changerer\r\nSuper-mamma\r\n#academicwidow\r\nMember of #cookieclub\r\nGorgepus\r\n\r\nlove to chat - come say hi! :)"
                },
                "id": "207",
                "locale": "en",
                "name": "Trine ",
                "timezone": "Europe/London",
                "type": "human",
                "username": "trine"
            }
        },
        {
            "canonical_url": "https://alpha.app.net/movethemntns/post/1410795",
            "created_at": "2012-11-06T12:52:20Z",
            "entities": {
                "hashtags": [],
                "links": [],
                "mentions": [
                    {
                        "id": "20892",
                        "len": 6,
                        "name": "sebbo",
                        "pos": 0
                    }
                ]
            },
            "html": "<span itemscope=\"https://app.net/schemas/Post\"><span itemprop=\"mention\" data-mention-id=\"20892\" data-mention-name=\"sebbo\">@sebbo</span> weil halt! (:\n</span>",
            "id": "1410795",
            "machine_only": false,
            "num_replies": 0,
            "num_reposts": 0,
            "num_stars": 0,
            "reply_to": "1410105",
            "source": {
                "client_id": "gBfsq77yqyhLAL2XBUDN3yvgJvsbJZvW",
                "link": "http://www.rivrapp.com",
                "name": "Rivr"
            },
            "text": "@sebbo weil halt! (:\n",
            "thread_id": "1409720",
            "user": {
                "avatar_image": {
                    "height": 200,
                    "url": "https://d2rfichhc2fb9n.cloudfront.net/image/4/Xn1ZTwkhDj38fIBpd1ZMajEoPOEvT69njl69mKeinL3RmurtM_aM91CXMlE_7elajDBcK2RJ_QVzTZNMiDrsuG4fdBL7vnblmkwfmmacyRFmCYuUQvbjPOAUy_FTx7ZCUOcLggkl0-RKWjVI0XVKdN9hUGg",
                    "width": 200
                },
                "canonical_url": "https://alpha.app.net/movethemntns",
                "counts": {
                    "followers": 12,
                    "following": 37,
                    "posts": 82,
                    "stars": 2
                },
                "cover_image": {
                    "height": 2448,
                    "url": "https://d2rfichhc2fb9n.cloudfront.net/image/4/dYFiOr48FCOILsaVlL6SACHFjXIErcnAl0NZWJHkK9wcsmwEG_794UIbBg6Tr0MwziU-dBzTVpXvfrxHktQjVesnrRRqQ5hUyVfa8snUARDAoyj4Ido8h5h22yTLo1rwmh28KbIMqw9m8_PuKAZg7htdhJY",
                    "width": 3264
                },
                "created_at": "2012-10-23T19:48:32Z",
                "description": {
                    "entities": {
                        "hashtags": [],
                        "links": [],
                        "mentions": []
                    },
                    "html": "<span itemscope=\"https://app.net/schemas/Post\">thpx, student, 22, german, posts mostly in english</span>",
                    "text": "thpx, student, 22, german, posts mostly in english"
                },
                "id": "26686",
                "locale": "en",
                "name": "movethemntns",
                "timezone": "America/Los_Angeles",
                "type": "human",
                "username": "movethemntns"
            }
        },
        {
            "canonical_url": "https://alpha.app.net/molo/post/1410794",
            "created_at": "2012-11-06T12:52:19Z",
            "entities": {
                "hashtags": [],
                "links": [
                    {
                        "len": 21,
                        "pos": 10,
                        "text": "http://moby.to/x0zkrm",
                        "url": "http://moby.to/x0zkrm"
                    }
                ],
                "mentions": []
            },
            "html": "<span itemscope=\"https://app.net/schemas/Post\">&#12371;&#12398;&#12459;&#12483;&#12488;&#12420;&#12400;&#12377;&#12366; <a href=\"http://moby.to/x0zkrm\">http://moby.to/x0zkrm</a></span>",
            "id": "1410794",
            "machine_only": false,
            "num_replies": 0,
            "num_reposts": 0,
            "num_stars": 0,
            "source": {
                "client_id": "QHhyYpuARCwurZdGuuR7zjDMHDRkwcKm",
                "link": "http://tapbots.com/software/netbot",
                "name": "Netbot for iOS"
            },
            "text": "\u3053\u306e\u30ab\u30c3\u30c8\u3084\u3070\u3059\u304e http://moby.to/x0zkrm",
            "thread_id": "1410794",
            "user": {
                "avatar_image": {
                    "height": 200,
                    "url": "https://d2rfichhc2fb9n.cloudfront.net/image/4/nkwcS7aO1AxJZ0RMwhel5Vofd9x1a8p84rN3bAxoObf-UQXBJfdQeFGdRC-DfYbYGZomqpVhwovCuZ9gv077Leg6JB5ejecZeZi6EJ6rxTu4xy6OO8b0CJ8Uc4MQSDLg81IA87vOM1S63YBmFlrJ9M_jQsw",
                    "width": 200
                },
                "canonical_url": "https://alpha.app.net/molo",
                "counts": {
                    "followers": 27,
                    "following": 11,
                    "posts": 140,
                    "stars": 6
                },
                "cover_image": {
                    "height": 1080,
                    "url": "https://d2rfichhc2fb9n.cloudfront.net/image/4/pU4sqv-m2E4MZL-EAdFs56YI3FnQ5ganyERgXUiWWW98wqFtLxEZxa8b7d41-RiAiMLfnCJ3KUqlZgbHI6n5rrcVzMhPcE475wiRxyXPLaQt0fmPZKr_Qbiza3cP01V_RcegaBsp89CayyXAItcK6o8APeU",
                    "width": 1920
                },
                "created_at": "2012-10-04T12:46:59Z",
                "description": {
                    "entities": {
                        "hashtags": [],
                        "links": [],
                        "mentions": []
                    },
                    "html": "<span itemscope=\"https://app.net/schemas/Post\">&#12362;&#12414;&#12363;&#12379;&#12354;&#12428;&#12387;&#65281;</span>",
                    "text": "\u304a\u307e\u304b\u305b\u3042\u308c\u3063\uff01"
                },
                "id": "22502",
                "locale": "ja",
                "name": "\u6765\u9031\u3055\u3093",
                "timezone": "Asia/Tokyo",
                "type": "human",
                "username": "molo"
            }
        },
        {
            "canonical_url": "https://alpha.app.net/jkrahn/post/1410793",
            "created_at": "2012-11-06T12:52:17Z",
            "entities": {
                "hashtags": [],
                "links": [],
                "mentions": [
                    {
                        "id": "3658",
                        "len": 13,
                        "name": "danielgenser",
                        "pos": 0
                    }
                ]
            },
            "html": "<span itemscope=\"https://app.net/schemas/Post\"><span itemprop=\"mention\" data-mention-id=\"3658\" data-mention-name=\"danielgenser\">@danielgenser</span> yes. But was rejected. And now will require iOS 6</span>",
            "id": "1410793",
            "machine_only": false,
            "num_replies": 0,
            "num_reposts": 0,
            "num_stars": 0,
            "reply_to": "1385095",
            "source": {
                "client_id": "QHhyYpuARCwurZdGuuR7zjDMHDRkwcKm",
                "link": "http://tapbots.com/software/netbot",
                "name": "Netbot for iOS"
            },
            "text": "@danielgenser yes. But was rejected. And now will require iOS 6",
            "thread_id": "1385095",
            "user": {
                "avatar_image": {
                    "height": 200,
                    "url": "https://d2rfichhc2fb9n.cloudfront.net/image/4/sTb3i1GU0m3Ku7FjBa1XJa1nl44m-kFM1Yv7Ym_YbgqDGR93FFViCRQZLy8DyBXvt_8HqEXATS2-I48HJqHtvxvWkkLw_gYZciAK5o0jYYEtpE0HoJSDxTdHmrsjjt0WSVBJPobFfhVj658aViCXXQ0nUs4",
                    "width": 200
                },
                "canonical_url": "https://alpha.app.net/jkrahn",
                "counts": {
                    "followers": 6,
                    "following": 3,
                    "posts": 59,
                    "stars": 0
                },
                "cover_image": {
                    "height": 1936,
                    "url": "https://d2rfichhc2fb9n.cloudfront.net/image/4/tkdQHgfMy_fKfr9UCNHXPa-yIllhiMfvqUF1HluSLttlumzltRcGZAfnkw6HyavKF2di3w5RoPtG3L0J1E1tU3RwdQeU549MBzOZXCT7wRZszonYFu22ZBiDZrqACSP9g8g_7jREnFMCukJwpHjSPs8yQXU",
                    "width": 2592
                },
                "created_at": "2012-10-05T17:57:32Z",
                "description": {
                    "entities": {
                        "hashtags": [],
                        "links": [],
                        "mentions": []
                    },
                    "html": "<span itemscope=\"https://app.net/schemas/Post\">Technology and I are friends</span>",
                    "text": "Technology and I are friends"
                },
                "id": "23510",
                "locale": "en",
                "name": "Jordan Krahn",
                "timezone": "America/Halifax",
                "type": "human",
                "username": "jkrahn"
            }
        }
    ],
    "meta": {
        "code": 200,
        "max_id": 1410812,
        "min_id": 1410793,
        "more": true
    }
}