{
    "data": [
        {
            "canonical_url": "https://alpha.app.net/lonelocust/post/1487315",
            "created_at": "2012-11-11T06:30:01Z",
            "entities": {
                "hashtags": [
                    {
                        "len": 3,
                        "name": "fb",
                        "pos": 20
                    }
                ],
                "links": [],
                "mentions": []
            },
            "html": "<span itemscope=\"https://app.net/schemas/Post\">Well, the Sky Fell. <span itemprop=\"hashtag\" data-hashtag-name=\"fb\">#fb</span></span>",
            "id": "1487315",
            "machine_only": false,
            "num_replies": 0,
            "num_reposts": 0,
            "num_stars": 0,
            "source": {
                "client_id": "QHhyYpuARCwurZdGuuR7zjDMHDRkwcKm",
                "link": "http://tapbots.com/software/netbot",
                "name": "Netbot for iOS"
            },
            "text": "Well, the Sky Fell. #fb",
            "thread_id": "1487315",
            "user": {
                "avatar_image": {
                    "height": 200,
                    "url": "https://d2rfichhc2fb9n.cloudfront.net/image/4/7yUrDdzkw2CLtPabXlOkzL4bI_keXOmStr46J2qaiJzSVJ2CJchn7SSGJXtbkABUlz35Xq5LARA0NYAiDcqmRZr92oQo1Da8V1pnqiuJ_dzFbv2z9EmcI_QXU5n0MYCwMTp8wPMiG7Zszhzu6qQ_7mcoxDA",
                    "width": 200
                },
                "canonical_url": "https://alpha.app.net/lonelocust",
                "counts": {
                    "followers": 30,
                    "following": 26,
                    "posts": 285,
                    "stars": 3
                },
                "cover_image": {
                    "height": 245,
                    "url": "https://d2rfichhc2fb9n.cloudfront.net/image/4/QAORdtoo2se4MpGO-Z5eHzQxZ8RdY7234IAOZ23Yx82T45c0LCItNeRlZ2TUe7vYoNTw5s8c0xXQjvLYvNK40Pms4F5VX7XzY3gZ2W4-KXrbbtoZVIOyS9fyvXo5BEPfF8j3AvjOk6kqLbXrSKpffE17Bbk",
                    "width": 1085
                },
                "created_at": "2012-10-02T02:44:05Z",
                "description": {
                    "entities": {
                        "hashtags": [],
                        "links": [],
                        "mentions": []
                    },
                    "html": "<span itemscope=\"https://app.net/schemas/Post\">A guy with a lovely family &amp; varied interests.  Chairman of Camp Quest Arizona, Chief Information Officer, developer, podcaster, science fiction fan, bicyclist, New Zealand Black Caps supporter. I live in Arizona and am the Lone Locust of the Apocalypse.</span>",
                    "text": "A guy with a lovely family & varied interests.  Chairman of Camp Quest Arizona, Chief Information Officer, developer, podcaster, science fiction fan, bicyclist, New Zealand Black Caps supporter. I live in Arizona and am the Lone Locust of the Apocalypse."
                },
                "id": "20048",
                "locale": "en",
                "name": "Eugene Glover",
                "timezone": "America/Phoenix",
                "type": "human",
                "username": "lonelocust"
            }
        },
        {
            "canonical_url": "https://alpha.app.net/avidwriter/post/1487314",
            "created_at": "2012-11-11T06:29:41Z",
            "entities": {
                "hashtags": [],
                "links": [],
                "mentions": [
                    {
                        "id": "12292",
                        "len": 10,
                        "name": "baumhauer",
                        "pos": 0
                    },
                    {
                        "id": "2610",
                        "len": 11,
                        "name": "johncarney",
                        "pos": 11
                    }
                ]
            },
            "html": "<span itemscope=\"https://app.net/schemas/Post\"><span itemprop=\"mention\" data-mention-id=\"12292\" data-mention-name=\"baumhauer\">@baumhauer</span> <span itemprop=\"mention\" data-mention-id=\"2610\" data-mention-name=\"johncarney\">@johncarney</span> but of course the big wigs at the top couldn't stand to take a pay cut or anything, they'd rather pass it onto the little guy.</span>",
            "id": "1487314",
            "machine_only": false,
            "num_replies": 0,
            "num_reposts": 0,
            "num_stars": 0,
            "reply_to": "1487254",
            "source": {
                "client_id": "FS62JKk5qYppVA8JWhZvPepU7A33PXtD",
                "link": "http://www.instadesk-app.com/appetizer",
                "name": "Appetizer"
            },
            "text": "@baumhauer @johncarney but of course the big wigs at the top couldn't stand to take a pay cut or anything, they'd rather pass it onto the little guy.",
            "thread_id": "1487224",
            "user": {
                "avatar_image": {
                    "height": 200,
                    "url": "https://d2rfichhc2fb9n.cloudfront.net/image/4/1bBpy9STl-qmFaoCKfLKYNG5SqWQHmsJskxvmO87nHUNERpJMj0Yz2AtwUWVh9p_u8VzdaPHcNk3uuZWv94f8sFQs1yADAowPdeQZjMQbXqI9sDjBo5HL9L1vhb7cjLE4nYQoDp-sJLZ8Sr38sp1W05AIHI",
                    "width": 200
                },
                "canonical_url": "https://alpha.app.net/avidwriter",
                "counts": {
                    "followers": 32,
                    "following": 50,
                    "posts": 390,
                    "stars": 10
                },
                "cover_image": {
                    "height": 1024,
                    "url": "https://d2rfichhc2fb9n.cloudfront.net/image/4/S2cg7Cxi-qffWLoEqqftEW0WXlVUQl7Nqjk0ZwtqsVY1BAXe_E1Twet87Ol8ontVBnDxyc1_L_m5G5LhSH5PvZf-pCoHy6aGQuPiBCMliEybmuLbNTO38-DLb97SYO9YRwyOvfYxPKgcpjt7auysBgByRxI",
                    "width": 1280
                },
                "created_at": "2012-10-01T21:58:10Z",
                "description": {
                    "entities": {
                        "hashtags": [],
                        "links": [],
                        "mentions": []
                    },
                    "html": "<span itemscope=\"https://app.net/schemas/Post\">Mac user, music lover.  Looking for a computer repair gig.\r\n\r\nAudio chain:\r\nMacbook Pro-&gt;ALAC-&gt;iTunes-&gt;Toslink-&gt;Pioneer VSX-517-&gt;Sony SS-H3800N bookshelves/Sony SA-W2500 sub</span>",
                    "text": "Mac user, music lover.  Looking for a computer repair gig.\r\n\r\nAudio chain:\r\nMacbook Pro->ALAC->iTunes->Toslink->Pioneer VSX-517->Sony SS-H3800N bookshelves/Sony SA-W2500 sub"
                },
                "id": "19893",
                "locale": "en",
                "name": "Avidwriter",
                "timezone": "America/Chicago",
                "type": "human",
                "username": "avidwriter"
            }
        },
        {
            "canonical_url": "https://alpha.app.net/chr_horsdal/post/1487313",
            "created_at": "2012-11-11T06:29:35Z",
            "deleted": "1",
            "entities": {
                "hashtags": [],
                "links": [],
                "mentions": []
            },
            "id": "1487313",
            "is_deleted": true,
            "machine_only": false,
            "num_replies": 0,
            "num_reposts": 0,
            "num_stars": 0,
            "source": {
                "client_id": "caYWDBvjwt2e9HWMm6qyKS6KcATHUkzQ",
                "link": "https://alpha.app.net",
                "name": "Alpha"
            },
            "thread_id": "1487313",
            "user": {
                "avatar_image": {
                    "height": 155,
                    "url": "https://d2rfichhc2fb9n.cloudfront.net/image/4/zMnSCi4WeBn6Ec2bd-iCnEbHGiEiSixecnRApL2NrWcjjCejkJfUwnGO9HsZ9-TdY1xbUCpbXZvtAJSsH6Wk3XNANOwKsHOLKhrUkwLK8HYlAtI8JCBGCdcy6H5blG8_4ByP5HvOlt_DwGrR6cG0Cp_IPSo",
                    "width": 155
                },
                "canonical_url": "https://alpha.app.net/chr_horsdal",
                "counts": {
                    "followers": 7,
                    "following": 33,
                    "posts": 23,
                    "stars": 0
                },
                "cover_image": {
                    "height": 260,
                    "url": "https://d2rfichhc2fb9n.cloudfront.net/image/4/X1p8y7MSNnMKbPq2Oe7-TPwEBzgDDwkrw7Cy9-iBH96aL2gycU8siG0lF6fI7ZP0yYh5iiExlK5pfCMghlN8Er-KvLDnBMIlH_KM_ZjlHsi01f5bodSkvsOf6JRDI_Xsb51_EQjHcbXpPqgBvYvjWxVNRvA",
                    "width": 960
                },
                "created_at": "2012-10-27T13:41:02Z",
                "description": {
                    "entities": {
                        "hashtags": [],
                        "links": [
                            {
                                "len": 27,
                                "pos": 79,
                                "text": "http://about.me/chr_horsdal",
                                "url": "http://about.me/chr_horsdal"
                            },
                            {
                                "len": 27,
                                "pos": 114,
                                "text": "http://horsdal.blogspot.com",
                                "url": "http://horsdal.blogspot.com"
                            }
                        ],
                        "mentions": []
                    },
                    "html": "<span itemscope=\"https://app.net/schemas/Post\">Passionate software craftsman posting about code and stuff. \r\nMore background: <a href=\"http://about.me/chr_horsdal\">http://about.me/chr_horsdal</a>\r\nBlog: <a href=\"http://horsdal.blogspot.com\">http://horsdal.blogspot.com</a>\r\nAarhus, Denmark</span>",
                    "text": "Passionate software craftsman posting about code and stuff. \r\nMore background: http://about.me/chr_horsdal\r\nBlog: http://horsdal.blogspot.com\r\nAarhus, Denmark"
                },
                "id": "26945",
                "locale": "en",
                "name": "Christian Horsdal",
                "timezone": "America/Los_Angeles",
                "type": "human",
                "username": "chr_horsdal"
            }
        },
        {
            "canonical_url": "https://alpha.app.net/zicklepop/post/1487312",
            "created_at": "2012-11-11T06:29:34Z",
            "entities": {
                "hashtags": [],
                "links": [
                    {
                        "len": 31,
                        "pos": 115,
                        "text": "https://gist.github.com/4053863",
                        "url": "https://gist.github.com/4053863"
                    },
                    {
                        "len": 31,
                        "pos": 168,
                        "text": "https://gist.github.com/4053906",
                        "url": "https://gist.github.com/4053906"
                    },
                    {
                        "len": 31,
                        "pos": 221,
                        "text": "https://gist.github.com/4053789",
                        "url": "https://gist.github.com/4053789"
                    }
                ],
                "mentions": []
            },
            "html": "<span itemscope=\"https://app.net/schemas/Post\">I got obsessed with using Pythonista on iOS to learn Python.\n\nI've published three scripts:\n* Check Starbucks Card <a href=\"https://gist.github.com/4053863\">https://gist.github.com/4053863</a>\n* Check Clipper Card <a href=\"https://gist.github.com/4053906\">https://gist.github.com/4053906</a>\n* Down For Everyone? <a href=\"https://gist.github.com/4053789\">https://gist.github.com/4053789</a></span>",
            "id": "1487312",
            "machine_only": false,
            "num_replies": 0,
            "num_reposts": 0,
            "num_stars": 0,
            "source": {
                "client_id": "caYWDBvjwt2e9HWMm6qyKS6KcATHUkzQ",
                "link": "https://alpha.app.net",
                "name": "Alpha"
            },
            "text": "I got obsessed with using Pythonista on iOS to learn Python.\n\nI've published three scripts:\n* Check Starbucks Card https://gist.github.com/4053863\n* Check Clipper Card https://gist.github.com/4053906\n* Down For Everyone? https://gist.github.com/4053789",
            "thread_id": "1487312",
            "user": {
                "avatar_image": {
                    "height": 200,
                    "url": "https://d2rfichhc2fb9n.cloudfront.net/image/4/BjYITkDmrRPiMif1IA7IOu2a46pmitk5x2hnVTrcN7o3lTp64F3GEvbhwQ5QcjrLjvIWiWIx_-rrTQaLQzP9zzCtNaDicSdmqHNDzZ4MuBq3zxGVoswIvlvcplgFpeKAIM0j2J7hyD799WDJLXRgmcCPYiA",
                    "width": 200
                },
                "canonical_url": "https://alpha.app.net/zicklepop",
                "counts": {
                    "followers": 9,
                    "following": 80,
                    "posts": 133,
                    "stars": 17
                },
                "cover_image": {
                    "height": 932,
                    "url": "https://d2rfichhc2fb9n.cloudfront.net/image/4/yuaYayfw97Rw-lPp83Ixtn62q1Xzx7M2Icpz5ANl3solBTAt8kASP_CzTAlOQvHhJ3i0kp72A15twF6kZqOQZ7ROLOO4gSzDGTTNUhe_9vt8Mil7efQrwnM3wxDMY2jNQuIZraCj_Njgzb2WqvtmJe4avVM",
                    "width": 1920
                },
                "created_at": "2012-10-06T01:59:15Z",
                "description": {
                    "entities": {
                        "hashtags": [],
                        "links": [
                            {
                                "len": 20,
                                "pos": 79,
                                "text": "http://zicklepop.com",
                                "url": "http://zicklepop.com"
                            }
                        ],
                        "mentions": []
                    },
                    "html": "<span itemscope=\"https://app.net/schemas/Post\">Creator of well designed things and writer of awful jokes\r\nSan Francisco, CA &#8212; <a href=\"http://zicklepop.com\">http://zicklepop.com</a></span>",
                    "text": "Creator of well designed things and writer of awful jokes\r\nSan Francisco, CA \u2014 http://zicklepop.com"
                },
                "id": "23653",
                "locale": "en",
                "name": "Jake Bilbrey",
                "timezone": "America/Los_Angeles",
                "type": "human",
                "username": "zicklepop"
            }
        },
        {
            "canonical_url": "https://alpha.app.net/sr_rolando/post/1487311",
            "created_at": "2012-11-11T06:29:16Z",
            "entities": {
                "hashtags": [],
                "links": [
                    {
                        "len": 61,
                        "pos": 28,
                        "text": "http://anneschuessler.com/2012/11/06/ich-will-doch-nur-lesen/",
                        "url": "http://anneschuessler.com/2012/11/06/ich-will-doch-nur-lesen/"
                    },
                    {
                        "len": 8,
                        "pos": 96,
                        "text": "Quote.fm",
                        "url": "http://Quote.fm"
                    }
                ],
                "mentions": []
            },
            "html": "<span itemscope=\"https://app.net/schemas/Post\">&#187;Ich will doch nur Lesen!&#171;\n\n<a href=\"http://anneschuessler.com/2012/11/06/ich-will-doch-nur-lesen/\">http://anneschuessler.com/2012/11/06/ich-will-doch-nur-lesen/</a>\n\n/via <a href=\"http://Quote.fm\">Quote.fm</a></span>",
            "id": "1487311",
            "machine_only": false,
            "num_replies": 0,
            "num_reposts": 0,
            "num_stars": 0,
            "source": {
                "client_id": "cRWp45kA49pQKtxsZQXdwTnyuU6jBwuA",
                "link": "http://tigerbears.com/felix",
                "name": "Felix"
            },
            "text": "\u00bbIch will doch nur Lesen!\u00ab\n\nhttp://anneschuessler.com/2012/11/06/ich-will-doch-nur-lesen/\n\n/via Quote.fm",
            "thread_id": "1487311",
            "user": {
                "avatar_image": {
                    "height": 200,
                    "url": "https://d2rfichhc2fb9n.cloudfront.net/image/4/29kezqUAT0e0UxpGvJixO7L66y0m4hVJg35OuThv-AqNUGJpaioCw8OCpe7lfNq5QJ68rrEl5fdF8Snn0POkcNgwmqTXjJEl1v4HhzkrQ97sZ9XKx_k9j_wcUiS1YlNcUn7uOctlKdTCfx0KeJVTRQWRLlk",
                    "width": 200
                },
                "canonical_url": "https://alpha.app.net/sr_rolando",
                "counts": {
                    "followers": 15,
                    "following": 54,
                    "posts": 225,
                    "stars": 7
                },
                "cover_image": {
                    "height": 1098,
                    "url": "https://d2rfichhc2fb9n.cloudfront.net/image/4/kRAJ5HdxEZuJaw4BUQ10a2iKzTYl4gHjBOx83zepSSj147BtmSA2vJNoOiAzOy2fYLyLTpoGZ3g-JoQUYaBk1wY7yqSmGVcIUx8ZpnSH-UYFbt74YxyuiA85bfJL7UiXe3FAKXjU-izONWWQzZCxDs21Nvk",
                    "width": 2560
                },
                "created_at": "2012-08-22T03:09:07Z",
                "description": {
                    "entities": {
                        "hashtags": [],
                        "links": [
                            {
                                "len": 22,
                                "pos": 67,
                                "text": "http://sr-rolando.com/",
                                "url": "http://sr-rolando.com/"
                            }
                        ],
                        "mentions": []
                    },
                    "html": "<span itemscope=\"https://app.net/schemas/Post\">Ein Typ, der leise denkt, langsam schreibt und schnell spricht.\r\n\r\n<a href=\"http://sr-rolando.com/\">http://sr-rolando.com/</a></span>",
                    "text": "Ein Typ, der leise denkt, langsam schreibt und schnell spricht.\r\n\r\nhttp://sr-rolando.com/"
                },
                "id": "14679",
                "locale": "en_US",
                "name": "Se\u00f1or Rolando",
                "timezone": "America/Los_Angeles",
                "type": "human",
                "username": "sr_rolando"
            }
        },
        {
            "canonical_url": "https://alpha.app.net/teddfox/post/1487310",
            "created_at": "2012-11-11T06:29:12Z",
            "entities": {
                "hashtags": [],
                "links": [
                    {
                        "len": 7,
                        "pos": 19,
                        "text": "app.net",
                        "url": "http://app.net"
                    }
                ],
                "mentions": []
            },
            "html": "<span itemscope=\"https://app.net/schemas/Post\">One reason I am on <a href=\"http://app.net\">app.net</a>&#8230; sad really.. 3rd party clients made them a hit </span>",
            "id": "1487310",
            "machine_only": false,
            "num_replies": 0,
            "num_reposts": 0,
            "num_stars": 0,
            "source": {
                "client_id": "QHhyYpuARCwurZdGuuR7zjDMHDRkwcKm",
                "link": "http://tapbots.com/software/netbot",
                "name": "Netbot for iOS"
            },
            "text": "One reason I am on app.net\u2026 sad really.. 3rd party clients made them a hit ",
            "thread_id": "1487310",
            "user": {
                "avatar_image": {
                    "height": 200,
                    "url": "https://d2rfichhc2fb9n.cloudfront.net/image/4/HSQJHyz-k4Xkjw43uE2lIfcIv8SrZ8Fns5vLdQgZ_dxDSTLw-h58gaNpFMxLRt6D4PT5Gmh1fZGcKvZcOJ5HNluIEpkIxXlmY96BYJyOPhIw30z3sYhbHYGLKBY6eXiS9-0Io7iKpVjITxsnpDqA06wfm-g",
                    "width": 200
                },
                "canonical_url": "https://alpha.app.net/teddfox",
                "counts": {
                    "followers": 9,
                    "following": 91,
                    "posts": 20,
                    "stars": 1
                },
                "cover_image": {
                    "height": 1536,
                    "url": "https://d2rfichhc2fb9n.cloudfront.net/image/4/kLCJYzoz9CfDYbLVxi0edBCslWxo_VcbiMLX5EJ_K7NbLnP7d4hMdevJrHxE6arXkp-yJL0CZYAaa8uj1hokBGLSSylCWiP-69ALtbiPt_h_tx9ubpmSETQBGsJm6SE59-KvRsakMA8SzMh5mLLjqlplrUg",
                    "width": 2048
                },
                "created_at": "2012-11-09T18:38:08Z",
                "description": {
                    "entities": {
                        "hashtags": [
                            {
                                "len": 2,
                                "name": "1",
                                "pos": 59
                            },
                            {
                                "len": 9,
                                "name": "nolaptop",
                                "pos": 126
                            },
                            {
                                "len": 8,
                                "name": "awesome",
                                "pos": 136
                            }
                        ],
                        "links": [],
                        "mentions": []
                    },
                    "html": "<span itemscope=\"https://app.net/schemas/Post\">Director of Product Management for iOS @salesforce. 3-time <span itemprop=\"hashtag\" data-hashtag-name=\"1\">#1</span> iOS apps. ENTJ. Dietary Vegan. I use iPad for 90+% of my work ! <span itemprop=\"hashtag\" data-hashtag-name=\"nolaptop\">#nolaptop</span> <span itemprop=\"hashtag\" data-hashtag-name=\"awesome\">#AWESOME</span> Thoughts are my own.\r\n</span>",
                    "text": "Director of Product Management for iOS @salesforce. 3-time #1 iOS apps. ENTJ. Dietary Vegan. I use iPad for 90+% of my work ! #nolaptop #AWESOME Thoughts are my own.\r\n"
                },
                "id": "27692",
                "locale": "en",
                "name": "Tedd Fox",
                "timezone": "America/Los_Angeles",
                "type": "human",
                "username": "teddfox"
            }
        },
        {
            "canonical_url": "https://alpha.app.net/icy/post/1487309",
            "created_at": "2012-11-11T06:29:06Z",
            "entities": {
                "hashtags": [],
                "links": [],
                "mentions": [
                    {
                        "id": "3",
                        "len": 10,
                        "name": "voidfiles",
                        "pos": 0
                    }
                ]
            },
            "html": "<span itemscope=\"https://app.net/schemas/Post\"><span itemprop=\"mention\" data-mention-id=\"3\" data-mention-name=\"voidfiles\">@voidfiles</span> Cloud services, Intranet, doc management, Group communication, mobile compatibility just to name a few.</span>",
            "id": "1487309",
            "machine_only": false,
            "num_replies": 0,
            "num_reposts": 0,
            "num_stars": 0,
            "reply_to": "1486923",
            "source": {
                "client_id": "QHhyYpuARCwurZdGuuR7zjDMHDRkwcKm",
                "link": "http://tapbots.com/software/netbot",
                "name": "Netbot for iOS"
            },
            "text": "@voidfiles Cloud services, Intranet, doc management, Group communication, mobile compatibility just to name a few.",
            "thread_id": "1485986",
            "user": {
                "avatar_image": {
                    "height": 200,
                    "url": "https://d2rfichhc2fb9n.cloudfront.net/image/4/cB53WtP9A4tS0ZE-R3hrUt6WsETYxAWgSuno4LmZAlkiNpnm6YVMikz6OSqvWQQIanbtvvHB6JuCZsWV7lapONPzHhWujf_-vsTAQ-EeN-duG86jS3tSJ1y_fidO7af4yF_x0c7Vnig-cAqMRReCtVuxA18",
                    "width": 200
                },
                "canonical_url": "https://alpha.app.net/icy",
                "counts": {
                    "followers": 36,
                    "following": 51,
                    "posts": 436,
                    "stars": 10
                },
                "cover_image": {
                    "height": 2448,
                    "url": "https://d2rfichhc2fb9n.cloudfront.net/image/4/-nU5ooxgaVwbRGUxAQGmuTh1PIbFb-PTMLNyVvv8hkawSDffFuM6Xv3Tha3uvfbtl7RRxDUbmD9pbXZZ_8HNIcpgjkAKbqGzXSe-V0KR2rz-OKnPs9fJpd2dCvegyogE4GFdQq-LUv590EzVttRxK0bmbiA",
                    "width": 2448
                },
                "created_at": "2012-11-03T15:08:02Z",
                "description": {
                    "entities": {
                        "hashtags": [
                            {
                                "len": 6,
                                "name": "music",
                                "pos": 21
                            },
                            {
                                "len": 4,
                                "name": "art",
                                "pos": 37
                            },
                            {
                                "len": 8,
                                "name": "fashion",
                                "pos": 51
                            }
                        ],
                        "links": [
                            {
                                "len": 14,
                                "pos": 71,
                                "text": "icyjohnson.com",
                                "url": "http://icyjohnson.com"
                            }
                        ],
                        "mentions": []
                    },
                    "html": "<span itemscope=\"https://app.net/schemas/Post\">Personal Stylist.\r\n\r\n<span itemprop=\"hashtag\" data-hashtag-name=\"music\">#Music</span> Lover.   <span itemprop=\"hashtag\" data-hashtag-name=\"art\">#Art</span> Lover.   <span itemprop=\"hashtag\" data-hashtag-name=\"fashion\">#Fashion</span> Lover. \r\n\r\n<a href=\"http://icyjohnson.com\">icyjohnson.com</a></span>",
                    "text": "Personal Stylist.\r\n\r\n#Music Lover.   #Art Lover.   #Fashion Lover. \r\n\r\nicyjohnson.com"
                },
                "id": "27408",
                "locale": "en",
                "name": "Icy Johnson",
                "timezone": "America/New_York",
                "type": "human",
                "username": "icy"
            }
        },
        {
            "canonical_url": "https://alpha.app.net/saudi/post/1487308",
            "created_at": "2012-11-11T06:29:05Z",
            "entities": {
                "hashtags": [
                    {
                        "len": 6,
                        "name": "saudi",
                        "pos": 78
                    }
                ],
                "links": [
                    {
                        "len": 20,
                        "pos": 57,
                        "text": "http://bit.ly/UvgsYQ",
                        "url": "http://bit.ly/UvgsYQ"
                    }
                ],
                "mentions": []
            },
            "html": "<span itemscope=\"https://app.net/schemas/Post\">&#1608;&#1586;&#1610;&#1585; &#1575;&#1604;&#1582;&#1575;&#1585;&#1580;&#1610;&#1577; &#1610;&#1578;&#1587;&#1604;&#1617;&#1605; &#1571;&#1608;&#1585;&#1575;&#1602; &#1575;&#1593;&#1578;&#1605;&#1575;&#1583; &#1587;&#1601;&#1610;&#1585;&#1610; &#1571;&#1584;&#1585;&#1576;&#1610;&#1580;&#1575;&#1606; &#1608;&#1603;&#1608;&#1587;&#1608;&#1601;&#1575; <a href=\"http://bit.ly/UvgsYQ\">http://bit.ly/UvgsYQ</a> <span itemprop=\"hashtag\" data-hashtag-name=\"saudi\">#saudi</span></span>",
            "id": "1487308",
            "machine_only": false,
            "num_replies": 0,
            "num_reposts": 0,
            "num_stars": 0,
            "source": {
                "client_id": "GzJVygE6vpLbabgBtEKzEKH8ASzS6mF3",
                "link": "http://ifttt.com",
                "name": "IFTTT"
            },
            "text": "\u0648\u0632\u064a\u0631 \u0627\u0644\u062e\u0627\u0631\u062c\u064a\u0629 \u064a\u062a\u0633\u0644\u0651\u0645 \u0623\u0648\u0631\u0627\u0642 \u0627\u0639\u062a\u0645\u0627\u062f \u0633\u0641\u064a\u0631\u064a \u0623\u0630\u0631\u0628\u064a\u062c\u0627\u0646 \u0648\u0643\u0648\u0633\u0648\u0641\u0627 http://bit.ly/UvgsYQ #saudi",
            "thread_id": "1487308",
            "user": {
                "avatar_image": {
                    "height": 200,
                    "url": "https://d2rfichhc2fb9n.cloudfront.net/image/4/Eru7Ye4WX_gwxcV8SgP0IdrUx3lSqnIzo9zjgm9nQxMs5idz-PSlqA3K6Q9WOmd-fGw3Xkka5-akE1R-E6ZhiyxNFuwNngVhM2be7j5hLSAqQJqqVQFNkjviLDcH7SaesOqPRpgVuYFCQfHUaDxYoweCbNs",
                    "width": 200
                },
                "canonical_url": "https://alpha.app.net/saudi",
                "counts": {
                    "followers": 7,
                    "following": 0,
                    "posts": 2224,
                    "stars": 0
                },
                "cover_image": {
                    "height": 640,
                    "url": "https://d2rfichhc2fb9n.cloudfront.net/image/4/g3iW6mbg426PdSSonCYe-NHh0GBzHAzA21jskYAy6FTyX17Dpo0RW0Wa_y-H4JHRbVayJIK4Wa8qwtlyBDeHhozwcHWfzU2pC5aEWRfPbTXA_KC5ePYZEc84Z5MovrF65wKhjaRYhy_DujrTOofRmgRT4CA",
                    "width": 960
                },
                "created_at": "2012-09-01T12:09:13Z",
                "description": {
                    "entities": {
                        "hashtags": [],
                        "links": [],
                        "mentions": []
                    },
                    "html": "<span itemscope=\"https://app.net/schemas/Post\">Saudi Arabia news.\r\n&#1571;&#1582;&#1576;&#1575;&#1585; &#1575;&#1604;&#1587;&#1593;&#1608;&#1583;&#1610;&#1577;.</span>",
                    "text": "Saudi Arabia news.\r\n\u0623\u062e\u0628\u0627\u0631 \u0627\u0644\u0633\u0639\u0648\u062f\u064a\u0629."
                },
                "id": "18303",
                "locale": "en_US",
                "name": "Saudi",
                "timezone": "America/Los_Angeles",
                "type": "human",
                "username": "saudi"
            }
        },
        {
            "canonical_url": "https://alpha.app.net/saudi/post/1487307",
            "created_at": "2012-11-11T06:29:05Z",
            "entities": {
                "hashtags": [
                    {
                        "len": 6,
                        "name": "saudi",
                        "pos": 83
                    }
                ],
                "links": [
                    {
                        "len": 20,
                        "pos": 62,
                        "text": "http://bit.ly/RtJkwa",
                        "url": "http://bit.ly/RtJkwa"
                    }
                ],
                "mentions": []
            },
            "html": "<span itemscope=\"https://app.net/schemas/Post\">&#1582;&#1575;&#1604;&#1583; &#1576;&#1606; &#1587;&#1604;&#1591;&#1575;&#1606; &#1610;&#1578;&#1587;&#1604;&#1605; &#171;&#1580;&#1575;&#1574;&#1586;&#1577; &#1576;&#1610;&#1585;&#1587;&#1610;&#1608;&#1587;&#187; &#1604;&#1580;&#1607;&#1608;&#1583; &#1575;&#1604;&#1581;&#1601;&#1575;&#1592; &#1593;&#1604;&#1609; &#1575;&#1604;&#1605;&#1581;&#1610;&#1591;&#1575;&#1578; <a href=\"http://bit.ly/RtJkwa\">http://bit.ly/RtJkwa</a> <span itemprop=\"hashtag\" data-hashtag-name=\"saudi\">#saudi</span></span>",
            "id": "1487307",
            "machine_only": false,
            "num_replies": 0,
            "num_reposts": 0,
            "num_stars": 0,
            "source": {
                "client_id": "GzJVygE6vpLbabgBtEKzEKH8ASzS6mF3",
                "link": "http://ifttt.com",
                "name": "IFTTT"
            },
            "text": "\u062e\u0627\u0644\u062f \u0628\u0646 \u0633\u0644\u0637\u0627\u0646 \u064a\u062a\u0633\u0644\u0645 \u00ab\u062c\u0627\u0626\u0632\u0629 \u0628\u064a\u0631\u0633\u064a\u0648\u0633\u00bb \u0644\u062c\u0647\u0648\u062f \u0627\u0644\u062d\u0641\u0627\u0638 \u0639\u0644\u0649 \u0627\u0644\u0645\u062d\u064a\u0637\u0627\u062a http://bit.ly/RtJkwa #saudi",
            "thread_id": "1487307",
            "user": {
                "avatar_image": {
                    "height": 200,
                    "url": "https://d2rfichhc2fb9n.cloudfront.net/image/4/Eru7Ye4WX_gwxcV8SgP0IdrUx3lSqnIzo9zjgm9nQxMs5idz-PSlqA3K6Q9WOmd-fGw3Xkka5-akE1R-E6ZhiyxNFuwNngVhM2be7j5hLSAqQJqqVQFNkjviLDcH7SaesOqPRpgVuYFCQfHUaDxYoweCbNs",
                    "width": 200
                },
                "canonical_url": "https://alpha.app.net/saudi",
                "counts": {
                    "followers": 7,
                    "following": 0,
                    "posts": 2224,
                    "stars": 0
                },
                "cover_image": {
                    "height": 640,
                    "url": "https://d2rfichhc2fb9n.cloudfront.net/image/4/g3iW6mbg426PdSSonCYe-NHh0GBzHAzA21jskYAy6FTyX17Dpo0RW0Wa_y-H4JHRbVayJIK4Wa8qwtlyBDeHhozwcHWfzU2pC5aEWRfPbTXA_KC5ePYZEc84Z5MovrF65wKhjaRYhy_DujrTOofRmgRT4CA",
                    "width": 960
                },
                "created_at": "2012-09-01T12:09:13Z",
                "description": {
                    "entities": {
                        "hashtags": [],
                        "links": [],
                        "mentions": []
                    },
                    "html": "<span itemscope=\"https://app.net/schemas/Post\">Saudi Arabia news.\r\n&#1571;&#1582;&#1576;&#1575;&#1585; &#1575;&#1604;&#1587;&#1593;&#1608;&#1583;&#1610;&#1577;.</span>",
                    "text": "Saudi Arabia news.\r\n\u0623\u062e\u0628\u0627\u0631 \u0627\u0644\u0633\u0639\u0648\u062f\u064a\u0629."
                },
                "id": "18303",
                "locale": "en_US",
                "name": "Saudi",
                "timezone": "America/Los_Angeles",
                "type": "human",
                "username": "saudi"
            }
        },
        {
            "canonical_url": "https://alpha.app.net/saudi/post/1487306",
            "created_at": "2012-11-11T06:29:04Z",
            "entities": {
                "hashtags": [
                    {
                        "len": 6,
                        "name": "saudi",
                        "pos": 83
                    }
                ],
                "links": [
                    {
                        "len": 20,
                        "pos": 62,
                        "text": "http://bit.ly/UvgsrC",
                        "url": "http://bit.ly/UvgsrC"
                    }
                ],
                "mentions": []
            },
            "html": "<span itemscope=\"https://app.net/schemas/Post\">&#1608;&#1603;&#1604;&#1575;&#1569; &#1608;&#1586;&#1575;&#1585;&#1575;&#1578; &#1575;&#1604;&#1583;&#1575;&#1582;&#1604;&#1610;&#1577; &#171;&#1575;&#1604;&#1582;&#1604;&#1610;&#1580;&#1610;&#1608;&#1606;&#187;: &#1583;&#1608;&#1604;&#1606;&#1575; &#1578;&#1578;&#1593;&#1585;&#1590; &#1604;&#1571;&#1593;&#1605;&#1575;&#1604; &#1573;&#1585;&#1607;&#1575;&#1576;&#1610;&#1577; <a href=\"http://bit.ly/UvgsrC\">http://bit.ly/UvgsrC</a> <span itemprop=\"hashtag\" data-hashtag-name=\"saudi\">#saudi</span></span>",
            "id": "1487306",
            "machine_only": false,
            "num_replies": 0,
            "num_reposts": 0,
            "num_stars": 0,
            "source": {
                "client_id": "GzJVygE6vpLbabgBtEKzEKH8ASzS6mF3",
                "link": "http://ifttt.com",
                "name": "IFTTT"
            },
            "text": "\u0648\u0643\u0644\u0627\u0621 \u0648\u0632\u0627\u0631\u0627\u062a \u0627\u0644\u062f\u0627\u062e\u0644\u064a\u0629 \u00ab\u0627\u0644\u062e\u0644\u064a\u062c\u064a\u0648\u0646\u00bb: \u062f\u0648\u0644\u0646\u0627 \u062a\u062a\u0639\u0631\u0636 \u0644\u0623\u0639\u0645\u0627\u0644 \u0625\u0631\u0647\u0627\u0628\u064a\u0629 http://bit.ly/UvgsrC #saudi",
            "thread_id": "1487306",
            "user": {
                "avatar_image": {
                    "height": 200,
                    "url": "https://d2rfichhc2fb9n.cloudfront.net/image/4/Eru7Ye4WX_gwxcV8SgP0IdrUx3lSqnIzo9zjgm9nQxMs5idz-PSlqA3K6Q9WOmd-fGw3Xkka5-akE1R-E6ZhiyxNFuwNngVhM2be7j5hLSAqQJqqVQFNkjviLDcH7SaesOqPRpgVuYFCQfHUaDxYoweCbNs",
                    "width": 200
                },
                "canonical_url": "https://alpha.app.net/saudi",
                "counts": {
                    "followers": 7,
                    "following": 0,
                    "posts": 2224,
                    "stars": 0
                },
                "cover_image": {
                    "height": 640,
                    "url": "https://d2rfichhc2fb9n.cloudfront.net/image/4/g3iW6mbg426PdSSonCYe-NHh0GBzHAzA21jskYAy6FTyX17Dpo0RW0Wa_y-H4JHRbVayJIK4Wa8qwtlyBDeHhozwcHWfzU2pC5aEWRfPbTXA_KC5ePYZEc84Z5MovrF65wKhjaRYhy_DujrTOofRmgRT4CA",
                    "width": 960
                },
                "created_at": "2012-09-01T12:09:13Z",
                "description": {
                    "entities": {
                        "hashtags": [],
                        "links": [],
                        "mentions": []
                    },
                    "html": "<span itemscope=\"https://app.net/schemas/Post\">Saudi Arabia news.\r\n&#1571;&#1582;&#1576;&#1575;&#1585; &#1575;&#1604;&#1587;&#1593;&#1608;&#1583;&#1610;&#1577;.</span>",
                    "text": "Saudi Arabia news.\r\n\u0623\u062e\u0628\u0627\u0631 \u0627\u0644\u0633\u0639\u0648\u062f\u064a\u0629."
                },
                "id": "18303",
                "locale": "en_US",
                "name": "Saudi",
                "timezone": "America/Los_Angeles",
                "type": "human",
                "username": "saudi"
            }
        },
        {
            "canonical_url": "https://alpha.app.net/saudi/post/1487305",
            "created_at": "2012-11-11T06:29:03Z",
            "entities": {
                "hashtags": [
                    {
                        "len": 6,
                        "name": "saudi",
                        "pos": 101
                    }
                ],
                "links": [
                    {
                        "len": 20,
                        "pos": 80,
                        "text": "http://bit.ly/RtJmUZ",
                        "url": "http://bit.ly/RtJmUZ"
                    }
                ],
                "mentions": []
            },
            "html": "<span itemscope=\"https://app.net/schemas/Post\">&#1575;&#1604;&#1586;&#1610;&#1575;&#1606;&#1610;: &#1573;&#1606;&#1588;&#1575;&#1569; &#1605;&#1585;&#1603;&#1586; &#1604;&#1585;&#1589;&#1583; &#1575;&#1604;&#1573;&#1588;&#1593;&#1575;&#1593; &#1575;&#1604;&#1606;&#1608;&#1608;&#1610; &#1604;&#1581;&#1605;&#1575;&#1610;&#1577; &#1575;&#1604;&#1582;&#1604;&#1610;&#1580; &#1605;&#1606; &#1575;&#1604;&#1578;&#1607;&#1583;&#1610;&#1583;&#1575;&#1578; &#171;&#1575;&#1604;&#1576;&#1610;&#1608;&#1604;&#1608;&#1580;&#1610;&#1577;&#187; <a href=\"http://bit.ly/RtJmUZ\">http://bit.ly/RtJmUZ</a> <span itemprop=\"hashtag\" data-hashtag-name=\"saudi\">#saudi</span></span>",
            "id": "1487305",
            "machine_only": false,
            "num_replies": 0,
            "num_reposts": 0,
            "num_stars": 0,
            "source": {
                "client_id": "GzJVygE6vpLbabgBtEKzEKH8ASzS6mF3",
                "link": "http://ifttt.com",
                "name": "IFTTT"
            },
            "text": "\u0627\u0644\u0632\u064a\u0627\u0646\u064a: \u0625\u0646\u0634\u0627\u0621 \u0645\u0631\u0643\u0632 \u0644\u0631\u0635\u062f \u0627\u0644\u0625\u0634\u0639\u0627\u0639 \u0627\u0644\u0646\u0648\u0648\u064a \u0644\u062d\u0645\u0627\u064a\u0629 \u0627\u0644\u062e\u0644\u064a\u062c \u0645\u0646 \u0627\u0644\u062a\u0647\u062f\u064a\u062f\u0627\u062a \u00ab\u0627\u0644\u0628\u064a\u0648\u0644\u0648\u062c\u064a\u0629\u00bb http://bit.ly/RtJmUZ #saudi",
            "thread_id": "1487305",
            "user": {
                "avatar_image": {
                    "height": 200,
                    "url": "https://d2rfichhc2fb9n.cloudfront.net/image/4/Eru7Ye4WX_gwxcV8SgP0IdrUx3lSqnIzo9zjgm9nQxMs5idz-PSlqA3K6Q9WOmd-fGw3Xkka5-akE1R-E6ZhiyxNFuwNngVhM2be7j5hLSAqQJqqVQFNkjviLDcH7SaesOqPRpgVuYFCQfHUaDxYoweCbNs",
                    "width": 200
                },
                "canonical_url": "https://alpha.app.net/saudi",
                "counts": {
                    "followers": 7,
                    "following": 0,
                    "posts": 2224,
                    "stars": 0
                },
                "cover_image": {
                    "height": 640,
                    "url": "https://d2rfichhc2fb9n.cloudfront.net/image/4/g3iW6mbg426PdSSonCYe-NHh0GBzHAzA21jskYAy6FTyX17Dpo0RW0Wa_y-H4JHRbVayJIK4Wa8qwtlyBDeHhozwcHWfzU2pC5aEWRfPbTXA_KC5ePYZEc84Z5MovrF65wKhjaRYhy_DujrTOofRmgRT4CA",
                    "width": 960
                },
                "created_at": "2012-09-01T12:09:13Z",
                "description": {
                    "entities": {
                        "hashtags": [],
                        "links": [],
                        "mentions": []
                    },
                    "html": "<span itemscope=\"https://app.net/schemas/Post\">Saudi Arabia news.\r\n&#1571;&#1582;&#1576;&#1575;&#1585; &#1575;&#1604;&#1587;&#1593;&#1608;&#1583;&#1610;&#1577;.</span>",
                    "text": "Saudi Arabia news.\r\n\u0623\u062e\u0628\u0627\u0631 \u0627\u0644\u0633\u0639\u0648\u062f\u064a\u0629."
                },
                "id": "18303",
                "locale": "en_US",
                "name": "Saudi",
                "timezone": "America/Los_Angeles",
                "type": "human",
                "username": "saudi"
            }
        },
        {
            "canonical_url": "https://alpha.app.net/saudi/post/1487304",
            "created_at": "2012-11-11T06:29:02Z",
            "entities": {
                "hashtags": [
                    {
                        "len": 6,
                        "name": "saudi",
                        "pos": 103
                    }
                ],
                "links": [
                    {
                        "len": 20,
                        "pos": 82,
                        "text": "http://bit.ly/UvgsYG",
                        "url": "http://bit.ly/UvgsYG"
                    }
                ],
                "mentions": []
            },
            "html": "<span itemscope=\"https://app.net/schemas/Post\">&#1575;&#1604;&#1585;&#1610;&#1575;&#1590;: &#1578;&#1571;&#1580;&#1610;&#1604; &#1605;&#1581;&#1575;&#1603;&#1605;&#1577; &#1575;&#1604;&#1581;&#1575;&#1605;&#1583; &#1608;&#1575;&#1604;&#1602;&#1581;&#1591;&#1575;&#1606;&#1610; ... &#1608;&#1605;&#1591;&#1575;&#1604;&#1576;&#1578;&#1607;&#1605;&#1575; &#1576;&#1575;&#1604;&#1585;&#1583; &#1593;&#1604;&#1609; &#171;&#1575;&#1604;&#1578;&#1581;&#1602;&#1610;&#1602; &#1608;&#1575;&#1604;&#1575;&#1583;&#1593;&#1575;&#1569;&#187; <a href=\"http://bit.ly/UvgsYG\">http://bit.ly/UvgsYG</a> <span itemprop=\"hashtag\" data-hashtag-name=\"saudi\">#saudi</span></span>",
            "id": "1487304",
            "machine_only": false,
            "num_replies": 0,
            "num_reposts": 0,
            "num_stars": 0,
            "source": {
                "client_id": "GzJVygE6vpLbabgBtEKzEKH8ASzS6mF3",
                "link": "http://ifttt.com",
                "name": "IFTTT"
            },
            "text": "\u0627\u0644\u0631\u064a\u0627\u0636: \u062a\u0623\u062c\u064a\u0644 \u0645\u062d\u0627\u0643\u0645\u0629 \u0627\u0644\u062d\u0627\u0645\u062f \u0648\u0627\u0644\u0642\u062d\u0637\u0627\u0646\u064a ... \u0648\u0645\u0637\u0627\u0644\u0628\u062a\u0647\u0645\u0627 \u0628\u0627\u0644\u0631\u062f \u0639\u0644\u0649 \u00ab\u0627\u0644\u062a\u062d\u0642\u064a\u0642 \u0648\u0627\u0644\u0627\u062f\u0639\u0627\u0621\u00bb http://bit.ly/UvgsYG #saudi",
            "thread_id": "1487304",
            "user": {
                "avatar_image": {
                    "height": 200,
                    "url": "https://d2rfichhc2fb9n.cloudfront.net/image/4/Eru7Ye4WX_gwxcV8SgP0IdrUx3lSqnIzo9zjgm9nQxMs5idz-PSlqA3K6Q9WOmd-fGw3Xkka5-akE1R-E6ZhiyxNFuwNngVhM2be7j5hLSAqQJqqVQFNkjviLDcH7SaesOqPRpgVuYFCQfHUaDxYoweCbNs",
                    "width": 200
                },
                "canonical_url": "https://alpha.app.net/saudi",
                "counts": {
                    "followers": 7,
                    "following": 0,
                    "posts": 2224,
                    "stars": 0
                },
                "cover_image": {
                    "height": 640,
                    "url": "https://d2rfichhc2fb9n.cloudfront.net/image/4/g3iW6mbg426PdSSonCYe-NHh0GBzHAzA21jskYAy6FTyX17Dpo0RW0Wa_y-H4JHRbVayJIK4Wa8qwtlyBDeHhozwcHWfzU2pC5aEWRfPbTXA_KC5ePYZEc84Z5MovrF65wKhjaRYhy_DujrTOofRmgRT4CA",
                    "width": 960
                },
                "created_at": "2012-09-01T12:09:13Z",
                "description": {
                    "entities": {
                        "hashtags": [],
                        "links": [],
                        "mentions": []
                    },
                    "html": "<span itemscope=\"https://app.net/schemas/Post\">Saudi Arabia news.\r\n&#1571;&#1582;&#1576;&#1575;&#1585; &#1575;&#1604;&#1587;&#1593;&#1608;&#1583;&#1610;&#1577;.</span>",
                    "text": "Saudi Arabia news.\r\n\u0623\u062e\u0628\u0627\u0631 \u0627\u0644\u0633\u0639\u0648\u062f\u064a\u0629."
                },
                "id": "18303",
                "locale": "en_US",
                "name": "Saudi",
                "timezone": "America/Los_Angeles",
                "type": "human",
                "username": "saudi"
            }
        },
        {
            "canonical_url": "https://alpha.app.net/saudi/post/1487303",
            "created_at": "2012-11-11T06:29:02Z",
            "entities": {
                "hashtags": [
                    {
                        "len": 6,
                        "name": "saudi",
                        "pos": 68
                    }
                ],
                "links": [
                    {
                        "len": 20,
                        "pos": 47,
                        "text": "http://bit.ly/RtJmUR",
                        "url": "http://bit.ly/RtJmUR"
                    }
                ],
                "mentions": []
            },
            "html": "<span itemscope=\"https://app.net/schemas/Post\">&#171;&#1575;&#1604;&#1588;&#1608;&#1585;&#1609;&#187; &#1610;&#1576;&#1581;&#1579; &#1575;&#1604;&#1578;&#1602;&#1585;&#1610;&#1585; &#1575;&#1604;&#1587;&#1606;&#1608;&#1610; &#1604;&#1605;&#1587;&#1578;&#1588;&#1601;&#1609; &#171;&#1575;&#1604;&#1578;&#1582;&#1589;&#1589;&#1610;&#187; <a href=\"http://bit.ly/RtJmUR\">http://bit.ly/RtJmUR</a> <span itemprop=\"hashtag\" data-hashtag-name=\"saudi\">#saudi</span></span>",
            "id": "1487303",
            "machine_only": false,
            "num_replies": 0,
            "num_reposts": 0,
            "num_stars": 0,
            "source": {
                "client_id": "GzJVygE6vpLbabgBtEKzEKH8ASzS6mF3",
                "link": "http://ifttt.com",
                "name": "IFTTT"
            },
            "text": "\u00ab\u0627\u0644\u0634\u0648\u0631\u0649\u00bb \u064a\u0628\u062d\u062b \u0627\u0644\u062a\u0642\u0631\u064a\u0631 \u0627\u0644\u0633\u0646\u0648\u064a \u0644\u0645\u0633\u062a\u0634\u0641\u0649 \u00ab\u0627\u0644\u062a\u062e\u0635\u0635\u064a\u00bb http://bit.ly/RtJmUR #saudi",
            "thread_id": "1487303",
            "user": {
                "avatar_image": {
                    "height": 200,
                    "url": "https://d2rfichhc2fb9n.cloudfront.net/image/4/Eru7Ye4WX_gwxcV8SgP0IdrUx3lSqnIzo9zjgm9nQxMs5idz-PSlqA3K6Q9WOmd-fGw3Xkka5-akE1R-E6ZhiyxNFuwNngVhM2be7j5hLSAqQJqqVQFNkjviLDcH7SaesOqPRpgVuYFCQfHUaDxYoweCbNs",
                    "width": 200
                },
                "canonical_url": "https://alpha.app.net/saudi",
                "counts": {
                    "followers": 7,
                    "following": 0,
                    "posts": 2224,
                    "stars": 0
                },
                "cover_image": {
                    "height": 640,
                    "url": "https://d2rfichhc2fb9n.cloudfront.net/image/4/g3iW6mbg426PdSSonCYe-NHh0GBzHAzA21jskYAy6FTyX17Dpo0RW0Wa_y-H4JHRbVayJIK4Wa8qwtlyBDeHhozwcHWfzU2pC5aEWRfPbTXA_KC5ePYZEc84Z5MovrF65wKhjaRYhy_DujrTOofRmgRT4CA",
                    "width": 960
                },
                "created_at": "2012-09-01T12:09:13Z",
                "description": {
                    "entities": {
                        "hashtags": [],
                        "links": [],
                        "mentions": []
                    },
                    "html": "<span itemscope=\"https://app.net/schemas/Post\">Saudi Arabia news.\r\n&#1571;&#1582;&#1576;&#1575;&#1585; &#1575;&#1604;&#1587;&#1593;&#1608;&#1583;&#1610;&#1577;.</span>",
                    "text": "Saudi Arabia news.\r\n\u0623\u062e\u0628\u0627\u0631 \u0627\u0644\u0633\u0639\u0648\u062f\u064a\u0629."
                },
                "id": "18303",
                "locale": "en_US",
                "name": "Saudi",
                "timezone": "America/Los_Angeles",
                "type": "human",
                "username": "saudi"
            }
        },
        {
            "canonical_url": "https://alpha.app.net/saudi/post/1487302",
            "created_at": "2012-11-11T06:29:01Z",
            "entities": {
                "hashtags": [
                    {
                        "len": 6,
                        "name": "saudi",
                        "pos": 98
                    }
                ],
                "links": [
                    {
                        "len": 20,
                        "pos": 77,
                        "text": "http://bit.ly/UvgsIr",
                        "url": "http://bit.ly/UvgsIr"
                    }
                ],
                "mentions": []
            },
            "html": "<span itemscope=\"https://app.net/schemas/Post\">&#1571;&#1608;&#1604;&#1608;&#1610;&#1577; &#1583;&#1608;&#1604; &#1575;&#1604;&#1582;&#1604;&#1610;&#1580;: &#1578;&#1602;&#1608;&#1610;&#1577; &#171;&#1583;&#1585;&#1593; &#1575;&#1604;&#1580;&#1586;&#1610;&#1585;&#1577;&#187; &#1608;&#1573;&#1606;&#1588;&#1575;&#1569; &#171;&#1583;&#1601;&#1575;&#1593; &#1580;&#1608;&#1610; &#1589;&#1575;&#1585;&#1608;&#1582;&#1610;&#187;.. &#1608;&#1605;&#1585;&#1589;&#1583; &#1606;&#1608;&#1608;&#1610; <a href=\"http://bit.ly/UvgsIr\">http://bit.ly/UvgsIr</a> <span itemprop=\"hashtag\" data-hashtag-name=\"saudi\">#saudi</span></span>",
            "id": "1487302",
            "machine_only": false,
            "num_replies": 0,
            "num_reposts": 0,
            "num_stars": 0,
            "source": {
                "client_id": "GzJVygE6vpLbabgBtEKzEKH8ASzS6mF3",
                "link": "http://ifttt.com",
                "name": "IFTTT"
            },
            "text": "\u0623\u0648\u0644\u0648\u064a\u0629 \u062f\u0648\u0644 \u0627\u0644\u062e\u0644\u064a\u062c: \u062a\u0642\u0648\u064a\u0629 \u00ab\u062f\u0631\u0639 \u0627\u0644\u062c\u0632\u064a\u0631\u0629\u00bb \u0648\u0625\u0646\u0634\u0627\u0621 \u00ab\u062f\u0641\u0627\u0639 \u062c\u0648\u064a \u0635\u0627\u0631\u0648\u062e\u064a\u00bb.. \u0648\u0645\u0631\u0635\u062f \u0646\u0648\u0648\u064a http://bit.ly/UvgsIr #saudi",
            "thread_id": "1487302",
            "user": {
                "avatar_image": {
                    "height": 200,
                    "url": "https://d2rfichhc2fb9n.cloudfront.net/image/4/Eru7Ye4WX_gwxcV8SgP0IdrUx3lSqnIzo9zjgm9nQxMs5idz-PSlqA3K6Q9WOmd-fGw3Xkka5-akE1R-E6ZhiyxNFuwNngVhM2be7j5hLSAqQJqqVQFNkjviLDcH7SaesOqPRpgVuYFCQfHUaDxYoweCbNs",
                    "width": 200
                },
                "canonical_url": "https://alpha.app.net/saudi",
                "counts": {
                    "followers": 7,
                    "following": 0,
                    "posts": 2224,
                    "stars": 0
                },
                "cover_image": {
                    "height": 640,
                    "url": "https://d2rfichhc2fb9n.cloudfront.net/image/4/g3iW6mbg426PdSSonCYe-NHh0GBzHAzA21jskYAy6FTyX17Dpo0RW0Wa_y-H4JHRbVayJIK4Wa8qwtlyBDeHhozwcHWfzU2pC5aEWRfPbTXA_KC5ePYZEc84Z5MovrF65wKhjaRYhy_DujrTOofRmgRT4CA",
                    "width": 960
                },
                "created_at": "2012-09-01T12:09:13Z",
                "description": {
                    "entities": {
                        "hashtags": [],
                        "links": [],
                        "mentions": []
                    },
                    "html": "<span itemscope=\"https://app.net/schemas/Post\">Saudi Arabia news.\r\n&#1571;&#1582;&#1576;&#1575;&#1585; &#1575;&#1604;&#1587;&#1593;&#1608;&#1583;&#1610;&#1577;.</span>",
                    "text": "Saudi Arabia news.\r\n\u0623\u062e\u0628\u0627\u0631 \u0627\u0644\u0633\u0639\u0648\u062f\u064a\u0629."
                },
                "id": "18303",
                "locale": "en_US",
                "name": "Saudi",
                "timezone": "America/Los_Angeles",
                "type": "human",
                "username": "saudi"
            }
        },
        {
            "canonical_url": "https://alpha.app.net/saudi/post/1487301",
            "created_at": "2012-11-11T06:29:00Z",
            "entities": {
                "hashtags": [
                    {
                        "len": 6,
                        "name": "saudi",
                        "pos": 65
                    }
                ],
                "links": [
                    {
                        "len": 20,
                        "pos": 44,
                        "text": "http://bit.ly/RtJmEv",
                        "url": "http://bit.ly/RtJmEv"
                    }
                ],
                "mentions": []
            },
            "html": "<span itemscope=\"https://app.net/schemas/Post\">&#1576;&#1593;&#1583; &#171;&#1581;&#1575;&#1601;&#1586;&#187;... &#1573;&#1591;&#1604;&#1575;&#1602; &#171;&#1580;&#1575;&#1607;&#1586;&#187; &#1604;&#1600;&#171;&#1578;&#1608;&#1592;&#1610;&#1601; &#1575;&#1604;&#1591;&#1604;&#1576;&#1577;&#187; <a href=\"http://bit.ly/RtJmEv\">http://bit.ly/RtJmEv</a> <span itemprop=\"hashtag\" data-hashtag-name=\"saudi\">#saudi</span></span>",
            "id": "1487301",
            "machine_only": false,
            "num_replies": 0,
            "num_reposts": 0,
            "num_stars": 0,
            "source": {
                "client_id": "GzJVygE6vpLbabgBtEKzEKH8ASzS6mF3",
                "link": "http://ifttt.com",
                "name": "IFTTT"
            },
            "text": "\u0628\u0639\u062f \u00ab\u062d\u0627\u0641\u0632\u00bb... \u0625\u0637\u0644\u0627\u0642 \u00ab\u062c\u0627\u0647\u0632\u00bb \u0644\u0640\u00ab\u062a\u0648\u0638\u064a\u0641 \u0627\u0644\u0637\u0644\u0628\u0629\u00bb http://bit.ly/RtJmEv #saudi",
            "thread_id": "1487301",
            "user": {
                "avatar_image": {
                    "height": 200,
                    "url": "https://d2rfichhc2fb9n.cloudfront.net/image/4/Eru7Ye4WX_gwxcV8SgP0IdrUx3lSqnIzo9zjgm9nQxMs5idz-PSlqA3K6Q9WOmd-fGw3Xkka5-akE1R-E6ZhiyxNFuwNngVhM2be7j5hLSAqQJqqVQFNkjviLDcH7SaesOqPRpgVuYFCQfHUaDxYoweCbNs",
                    "width": 200
                },
                "canonical_url": "https://alpha.app.net/saudi",
                "counts": {
                    "followers": 7,
                    "following": 0,
                    "posts": 2224,
                    "stars": 0
                },
                "cover_image": {
                    "height": 640,
                    "url": "https://d2rfichhc2fb9n.cloudfront.net/image/4/g3iW6mbg426PdSSonCYe-NHh0GBzHAzA21jskYAy6FTyX17Dpo0RW0Wa_y-H4JHRbVayJIK4Wa8qwtlyBDeHhozwcHWfzU2pC5aEWRfPbTXA_KC5ePYZEc84Z5MovrF65wKhjaRYhy_DujrTOofRmgRT4CA",
                    "width": 960
                },
                "created_at": "2012-09-01T12:09:13Z",
                "description": {
                    "entities": {
                        "hashtags": [],
                        "links": [],
                        "mentions": []
                    },
                    "html": "<span itemscope=\"https://app.net/schemas/Post\">Saudi Arabia news.\r\n&#1571;&#1582;&#1576;&#1575;&#1585; &#1575;&#1604;&#1587;&#1593;&#1608;&#1583;&#1610;&#1577;.</span>",
                    "text": "Saudi Arabia news.\r\n\u0623\u062e\u0628\u0627\u0631 \u0627\u0644\u0633\u0639\u0648\u062f\u064a\u0629."
                },
                "id": "18303",
                "locale": "en_US",
                "name": "Saudi",
                "timezone": "America/Los_Angeles",
                "type": "human",
                "username": "saudi"
            }
        },
        {
            "canonical_url": "https://alpha.app.net/saudi/post/1487300",
            "created_at": "2012-11-11T06:28:59Z",
            "entities": {
                "hashtags": [
                    {
                        "len": 6,
                        "name": "saudi",
                        "pos": 83
                    }
                ],
                "links": [
                    {
                        "len": 20,
                        "pos": 62,
                        "text": "http://bit.ly/Uvgsbg",
                        "url": "http://bit.ly/Uvgsbg"
                    }
                ],
                "mentions": []
            },
            "html": "<span itemscope=\"https://app.net/schemas/Post\">&#171;&#1575;&#1604;&#1578;&#1585;&#1576;&#1610;&#1577;&#187; &#1578;&#1587;&#1578;&#1576;&#1593;&#1583; &#1575;&#1604;&#1605;&#1593;&#1604;&#1605;&#1610;&#1606; &#1605;&#1606; &#171;&#1575;&#1604;&#1573;&#1610;&#1601;&#1575;&#1583; &#1575;&#1604;&#1582;&#1575;&#1585;&#1580;&#1610;&#187;.. &#1604;&#1604;&#1605;&#1585;&#1577; &#1575;&#1604;&#1571;&#1608;&#1604;&#1609; <a href=\"http://bit.ly/Uvgsbg\">http://bit.ly/Uvgsbg</a> <span itemprop=\"hashtag\" data-hashtag-name=\"saudi\">#saudi</span></span>",
            "id": "1487300",
            "machine_only": false,
            "num_replies": 0,
            "num_reposts": 0,
            "num_stars": 0,
            "source": {
                "client_id": "GzJVygE6vpLbabgBtEKzEKH8ASzS6mF3",
                "link": "http://ifttt.com",
                "name": "IFTTT"
            },
            "text": "\u00ab\u0627\u0644\u062a\u0631\u0628\u064a\u0629\u00bb \u062a\u0633\u062a\u0628\u0639\u062f \u0627\u0644\u0645\u0639\u0644\u0645\u064a\u0646 \u0645\u0646 \u00ab\u0627\u0644\u0625\u064a\u0641\u0627\u062f \u0627\u0644\u062e\u0627\u0631\u062c\u064a\u00bb.. \u0644\u0644\u0645\u0631\u0629 \u0627\u0644\u0623\u0648\u0644\u0649 http://bit.ly/Uvgsbg #saudi",
            "thread_id": "1487300",
            "user": {
                "avatar_image": {
                    "height": 200,
                    "url": "https://d2rfichhc2fb9n.cloudfront.net/image/4/Eru7Ye4WX_gwxcV8SgP0IdrUx3lSqnIzo9zjgm9nQxMs5idz-PSlqA3K6Q9WOmd-fGw3Xkka5-akE1R-E6ZhiyxNFuwNngVhM2be7j5hLSAqQJqqVQFNkjviLDcH7SaesOqPRpgVuYFCQfHUaDxYoweCbNs",
                    "width": 200
                },
                "canonical_url": "https://alpha.app.net/saudi",
                "counts": {
                    "followers": 7,
                    "following": 0,
                    "posts": 2224,
                    "stars": 0
                },
                "cover_image": {
                    "height": 640,
                    "url": "https://d2rfichhc2fb9n.cloudfront.net/image/4/g3iW6mbg426PdSSonCYe-NHh0GBzHAzA21jskYAy6FTyX17Dpo0RW0Wa_y-H4JHRbVayJIK4Wa8qwtlyBDeHhozwcHWfzU2pC5aEWRfPbTXA_KC5ePYZEc84Z5MovrF65wKhjaRYhy_DujrTOofRmgRT4CA",
                    "width": 960
                },
                "created_at": "2012-09-01T12:09:13Z",
                "description": {
                    "entities": {
                        "hashtags": [],
                        "links": [],
                        "mentions": []
                    },
                    "html": "<span itemscope=\"https://app.net/schemas/Post\">Saudi Arabia news.\r\n&#1571;&#1582;&#1576;&#1575;&#1585; &#1575;&#1604;&#1587;&#1593;&#1608;&#1583;&#1610;&#1577;.</span>",
                    "text": "Saudi Arabia news.\r\n\u0623\u062e\u0628\u0627\u0631 \u0627\u0644\u0633\u0639\u0648\u062f\u064a\u0629."
                },
                "id": "18303",
                "locale": "en_US",
                "name": "Saudi",
                "timezone": "America/Los_Angeles",
                "type": "human",
                "username": "saudi"
            }
        },
        {
            "canonical_url": "https://alpha.app.net/saudi/post/1487299",
            "created_at": "2012-11-11T06:28:59Z",
            "entities": {
                "hashtags": [
                    {
                        "len": 6,
                        "name": "saudi",
                        "pos": 88
                    }
                ],
                "links": [
                    {
                        "len": 20,
                        "pos": 67,
                        "text": "http://bit.ly/RtJjZi",
                        "url": "http://bit.ly/RtJjZi"
                    }
                ],
                "mentions": []
            },
            "html": "<span itemscope=\"https://app.net/schemas/Post\">&#1602;&#1575;&#1590;&#1613; &#1604;&#1600;&#171;&#1605;&#1587;&#1575;&#1593;&#1583; &#1571;&#1605;&#1610;&#1606; &#1580;&#1583;&#1577;&#187;: &#1578;&#1605;&#1604;&#1603;&#1615; &#1575;&#1604;&#1605;&#1604;&#1575;&#1610;&#1610;&#1606; &#1608;&#1578;&#1588;&#1578;&#1585;&#1610; &#1571;&#1585;&#1590;&#1575;&#1611; &#1576;&#1600;&#171;&#1575;&#1604;&#1578;&#1602;&#1587;&#1610;&#1591;&#187; &#1567; <a href=\"http://bit.ly/RtJjZi\">http://bit.ly/RtJjZi</a> <span itemprop=\"hashtag\" data-hashtag-name=\"saudi\">#saudi</span></span>",
            "id": "1487299",
            "machine_only": false,
            "num_replies": 0,
            "num_reposts": 0,
            "num_stars": 0,
            "source": {
                "client_id": "GzJVygE6vpLbabgBtEKzEKH8ASzS6mF3",
                "link": "http://ifttt.com",
                "name": "IFTTT"
            },
            "text": "\u0642\u0627\u0636\u064d \u0644\u0640\u00ab\u0645\u0633\u0627\u0639\u062f \u0623\u0645\u064a\u0646 \u062c\u062f\u0629\u00bb: \u062a\u0645\u0644\u0643\u064f \u0627\u0644\u0645\u0644\u0627\u064a\u064a\u0646 \u0648\u062a\u0634\u062a\u0631\u064a \u0623\u0631\u0636\u0627\u064b \u0628\u0640\u00ab\u0627\u0644\u062a\u0642\u0633\u064a\u0637\u00bb \u061f http://bit.ly/RtJjZi #saudi",
            "thread_id": "1487299",
            "user": {
                "avatar_image": {
                    "height": 200,
                    "url": "https://d2rfichhc2fb9n.cloudfront.net/image/4/Eru7Ye4WX_gwxcV8SgP0IdrUx3lSqnIzo9zjgm9nQxMs5idz-PSlqA3K6Q9WOmd-fGw3Xkka5-akE1R-E6ZhiyxNFuwNngVhM2be7j5hLSAqQJqqVQFNkjviLDcH7SaesOqPRpgVuYFCQfHUaDxYoweCbNs",
                    "width": 200
                },
                "canonical_url": "https://alpha.app.net/saudi",
                "counts": {
                    "followers": 7,
                    "following": 0,
                    "posts": 2224,
                    "stars": 0
                },
                "cover_image": {
                    "height": 640,
                    "url": "https://d2rfichhc2fb9n.cloudfront.net/image/4/g3iW6mbg426PdSSonCYe-NHh0GBzHAzA21jskYAy6FTyX17Dpo0RW0Wa_y-H4JHRbVayJIK4Wa8qwtlyBDeHhozwcHWfzU2pC5aEWRfPbTXA_KC5ePYZEc84Z5MovrF65wKhjaRYhy_DujrTOofRmgRT4CA",
                    "width": 960
                },
                "created_at": "2012-09-01T12:09:13Z",
                "description": {
                    "entities": {
                        "hashtags": [],
                        "links": [],
                        "mentions": []
                    },
                    "html": "<span itemscope=\"https://app.net/schemas/Post\">Saudi Arabia news.\r\n&#1571;&#1582;&#1576;&#1575;&#1585; &#1575;&#1604;&#1587;&#1593;&#1608;&#1583;&#1610;&#1577;.</span>",
                    "text": "Saudi Arabia news.\r\n\u0623\u062e\u0628\u0627\u0631 \u0627\u0644\u0633\u0639\u0648\u062f\u064a\u0629."
                },
                "id": "18303",
                "locale": "en_US",
                "name": "Saudi",
                "timezone": "America/Los_Angeles",
                "type": "human",
                "username": "saudi"
            }
        },
        {
            "canonical_url": "https://alpha.app.net/saudi/post/1487298",
            "created_at": "2012-11-11T06:28:58Z",
            "entities": {
                "hashtags": [
                    {
                        "len": 6,
                        "name": "saudi",
                        "pos": 79
                    }
                ],
                "links": [
                    {
                        "len": 20,
                        "pos": 58,
                        "text": "http://bit.ly/Uvgsbb",
                        "url": "http://bit.ly/Uvgsbb"
                    }
                ],
                "mentions": []
            },
            "html": "<span itemscope=\"https://app.net/schemas/Post\">&#1605;&#1583;&#1575;&#1585;&#1587; &#1571;&#1607;&#1604;&#1610;&#1577; &#1578;&#1605;&#1578;&#1606;&#1593; &#1593;&#1606; &#1578;&#1587;&#1580;&#1610;&#1604; &#1605;&#1593;&#1604;&#1605;&#1610;&#1607;&#1575; &#1575;&#1604;&#1602;&#1583;&#1575;&#1605;&#1609; &#1601;&#1610; &#171;&#1575;&#1604;&#1578;&#1571;&#1605;&#1610;&#1606;&#1575;&#1578;&#187; <a href=\"http://bit.ly/Uvgsbb\">http://bit.ly/Uvgsbb</a> <span itemprop=\"hashtag\" data-hashtag-name=\"saudi\">#saudi</span></span>",
            "id": "1487298",
            "machine_only": false,
            "num_replies": 0,
            "num_reposts": 0,
            "num_stars": 0,
            "source": {
                "client_id": "GzJVygE6vpLbabgBtEKzEKH8ASzS6mF3",
                "link": "http://ifttt.com",
                "name": "IFTTT"
            },
            "text": "\u0645\u062f\u0627\u0631\u0633 \u0623\u0647\u0644\u064a\u0629 \u062a\u0645\u062a\u0646\u0639 \u0639\u0646 \u062a\u0633\u062c\u064a\u0644 \u0645\u0639\u0644\u0645\u064a\u0647\u0627 \u0627\u0644\u0642\u062f\u0627\u0645\u0649 \u0641\u064a \u00ab\u0627\u0644\u062a\u0623\u0645\u064a\u0646\u0627\u062a\u00bb http://bit.ly/Uvgsbb #saudi",
            "thread_id": "1487298",
            "user": {
                "avatar_image": {
                    "height": 200,
                    "url": "https://d2rfichhc2fb9n.cloudfront.net/image/4/Eru7Ye4WX_gwxcV8SgP0IdrUx3lSqnIzo9zjgm9nQxMs5idz-PSlqA3K6Q9WOmd-fGw3Xkka5-akE1R-E6ZhiyxNFuwNngVhM2be7j5hLSAqQJqqVQFNkjviLDcH7SaesOqPRpgVuYFCQfHUaDxYoweCbNs",
                    "width": 200
                },
                "canonical_url": "https://alpha.app.net/saudi",
                "counts": {
                    "followers": 7,
                    "following": 0,
                    "posts": 2224,
                    "stars": 0
                },
                "cover_image": {
                    "height": 640,
                    "url": "https://d2rfichhc2fb9n.cloudfront.net/image/4/g3iW6mbg426PdSSonCYe-NHh0GBzHAzA21jskYAy6FTyX17Dpo0RW0Wa_y-H4JHRbVayJIK4Wa8qwtlyBDeHhozwcHWfzU2pC5aEWRfPbTXA_KC5ePYZEc84Z5MovrF65wKhjaRYhy_DujrTOofRmgRT4CA",
                    "width": 960
                },
                "created_at": "2012-09-01T12:09:13Z",
                "description": {
                    "entities": {
                        "hashtags": [],
                        "links": [],
                        "mentions": []
                    },
                    "html": "<span itemscope=\"https://app.net/schemas/Post\">Saudi Arabia news.\r\n&#1571;&#1582;&#1576;&#1575;&#1585; &#1575;&#1604;&#1587;&#1593;&#1608;&#1583;&#1610;&#1577;.</span>",
                    "text": "Saudi Arabia news.\r\n\u0623\u062e\u0628\u0627\u0631 \u0627\u0644\u0633\u0639\u0648\u062f\u064a\u0629."
                },
                "id": "18303",
                "locale": "en_US",
                "name": "Saudi",
                "timezone": "America/Los_Angeles",
                "type": "human",
                "username": "saudi"
            }
        },
        {
            "canonical_url": "https://alpha.app.net/saudi/post/1487297",
            "created_at": "2012-11-11T06:28:57Z",
            "entities": {
                "hashtags": [
                    {
                        "len": 6,
                        "name": "saudi",
                        "pos": 60
                    }
                ],
                "links": [
                    {
                        "len": 20,
                        "pos": 39,
                        "text": "http://bit.ly/RtJmEd",
                        "url": "http://bit.ly/RtJmEd"
                    }
                ],
                "mentions": []
            },
            "html": "<span itemscope=\"https://app.net/schemas/Post\">&#171;&#1581;&#1601;&#1585; &#1575;&#1604;&#1576;&#1575;&#1591;&#1606;&#187;: 13 &#1605;&#1602;&#1610;&#1605;&#1575;&#1611; &#1610;&#1588;&#1607;&#1585;&#1608;&#1606; &#1573;&#1587;&#1604;&#1575;&#1605;&#1607;&#1605; <a href=\"http://bit.ly/RtJmEd\">http://bit.ly/RtJmEd</a> <span itemprop=\"hashtag\" data-hashtag-name=\"saudi\">#saudi</span></span>",
            "id": "1487297",
            "machine_only": false,
            "num_replies": 0,
            "num_reposts": 0,
            "num_stars": 0,
            "source": {
                "client_id": "GzJVygE6vpLbabgBtEKzEKH8ASzS6mF3",
                "link": "http://ifttt.com",
                "name": "IFTTT"
            },
            "text": "\u00ab\u062d\u0641\u0631 \u0627\u0644\u0628\u0627\u0637\u0646\u00bb: 13 \u0645\u0642\u064a\u0645\u0627\u064b \u064a\u0634\u0647\u0631\u0648\u0646 \u0625\u0633\u0644\u0627\u0645\u0647\u0645 http://bit.ly/RtJmEd #saudi",
            "thread_id": "1487297",
            "user": {
                "avatar_image": {
                    "height": 200,
                    "url": "https://d2rfichhc2fb9n.cloudfront.net/image/4/Eru7Ye4WX_gwxcV8SgP0IdrUx3lSqnIzo9zjgm9nQxMs5idz-PSlqA3K6Q9WOmd-fGw3Xkka5-akE1R-E6ZhiyxNFuwNngVhM2be7j5hLSAqQJqqVQFNkjviLDcH7SaesOqPRpgVuYFCQfHUaDxYoweCbNs",
                    "width": 200
                },
                "canonical_url": "https://alpha.app.net/saudi",
                "counts": {
                    "followers": 7,
                    "following": 0,
                    "posts": 2224,
                    "stars": 0
                },
                "cover_image": {
                    "height": 640,
                    "url": "https://d2rfichhc2fb9n.cloudfront.net/image/4/g3iW6mbg426PdSSonCYe-NHh0GBzHAzA21jskYAy6FTyX17Dpo0RW0Wa_y-H4JHRbVayJIK4Wa8qwtlyBDeHhozwcHWfzU2pC5aEWRfPbTXA_KC5ePYZEc84Z5MovrF65wKhjaRYhy_DujrTOofRmgRT4CA",
                    "width": 960
                },
                "created_at": "2012-09-01T12:09:13Z",
                "description": {
                    "entities": {
                        "hashtags": [],
                        "links": [],
                        "mentions": []
                    },
                    "html": "<span itemscope=\"https://app.net/schemas/Post\">Saudi Arabia news.\r\n&#1571;&#1582;&#1576;&#1575;&#1585; &#1575;&#1604;&#1587;&#1593;&#1608;&#1583;&#1610;&#1577;.</span>",
                    "text": "Saudi Arabia news.\r\n\u0623\u062e\u0628\u0627\u0631 \u0627\u0644\u0633\u0639\u0648\u062f\u064a\u0629."
                },
                "id": "18303",
                "locale": "en_US",
                "name": "Saudi",
                "timezone": "America/Los_Angeles",
                "type": "human",
                "username": "saudi"
            }
        },
        {
            "canonical_url": "https://alpha.app.net/saudi/post/1487296",
            "created_at": "2012-11-11T06:28:56Z",
            "entities": {
                "hashtags": [
                    {
                        "len": 6,
                        "name": "saudi",
                        "pos": 67
                    }
                ],
                "links": [
                    {
                        "len": 20,
                        "pos": 46,
                        "text": "http://bit.ly/UvgrUP",
                        "url": "http://bit.ly/UvgrUP"
                    }
                ],
                "mentions": []
            },
            "html": "<span itemscope=\"https://app.net/schemas/Post\">&#1575;&#1604;&#1571;&#1581;&#1587;&#1575;&#1569;: 18 &#1591;&#1575;&#1604;&#1576;&#1575;&#1611; &#1610;&#1578;&#1583;&#1585;&#1576;&#1608;&#1606; &#1593;&#1604;&#1609; &#1582;&#1610;&#1575;&#1591;&#1577; &#171;&#1575;&#1604;&#1576;&#1588;&#1608;&#1578;&#187; <a href=\"http://bit.ly/UvgrUP\">http://bit.ly/UvgrUP</a> <span itemprop=\"hashtag\" data-hashtag-name=\"saudi\">#saudi</span></span>",
            "id": "1487296",
            "machine_only": false,
            "num_replies": 0,
            "num_reposts": 0,
            "num_stars": 0,
            "source": {
                "client_id": "GzJVygE6vpLbabgBtEKzEKH8ASzS6mF3",
                "link": "http://ifttt.com",
                "name": "IFTTT"
            },
            "text": "\u0627\u0644\u0623\u062d\u0633\u0627\u0621: 18 \u0637\u0627\u0644\u0628\u0627\u064b \u064a\u062a\u062f\u0631\u0628\u0648\u0646 \u0639\u0644\u0649 \u062e\u064a\u0627\u0637\u0629 \u00ab\u0627\u0644\u0628\u0634\u0648\u062a\u00bb http://bit.ly/UvgrUP #saudi",
            "thread_id": "1487296",
            "user": {
                "avatar_image": {
                    "height": 200,
                    "url": "https://d2rfichhc2fb9n.cloudfront.net/image/4/Eru7Ye4WX_gwxcV8SgP0IdrUx3lSqnIzo9zjgm9nQxMs5idz-PSlqA3K6Q9WOmd-fGw3Xkka5-akE1R-E6ZhiyxNFuwNngVhM2be7j5hLSAqQJqqVQFNkjviLDcH7SaesOqPRpgVuYFCQfHUaDxYoweCbNs",
                    "width": 200
                },
                "canonical_url": "https://alpha.app.net/saudi",
                "counts": {
                    "followers": 7,
                    "following": 0,
                    "posts": 2224,
                    "stars": 0
                },
                "cover_image": {
                    "height": 640,
                    "url": "https://d2rfichhc2fb9n.cloudfront.net/image/4/g3iW6mbg426PdSSonCYe-NHh0GBzHAzA21jskYAy6FTyX17Dpo0RW0Wa_y-H4JHRbVayJIK4Wa8qwtlyBDeHhozwcHWfzU2pC5aEWRfPbTXA_KC5ePYZEc84Z5MovrF65wKhjaRYhy_DujrTOofRmgRT4CA",
                    "width": 960
                },
                "created_at": "2012-09-01T12:09:13Z",
                "description": {
                    "entities": {
                        "hashtags": [],
                        "links": [],
                        "mentions": []
                    },
                    "html": "<span itemscope=\"https://app.net/schemas/Post\">Saudi Arabia news.\r\n&#1571;&#1582;&#1576;&#1575;&#1585; &#1575;&#1604;&#1587;&#1593;&#1608;&#1583;&#1610;&#1577;.</span>",
                    "text": "Saudi Arabia news.\r\n\u0623\u062e\u0628\u0627\u0631 \u0627\u0644\u0633\u0639\u0648\u062f\u064a\u0629."
                },
                "id": "18303",
                "locale": "en_US",
                "name": "Saudi",
                "timezone": "America/Los_Angeles",
                "type": "human",
                "username": "saudi"
            }
        }
    ],
    "meta": {
        "code": 200,
        "max_id": 1487315,
        "min_id": 1487296,
        "more": true
    }
}