{
    "data": [
        {
            "canonical_url": "https://alpha.app.net/macteo/post/1408703",
            "created_at": "2012-11-06T08:03:36Z",
            "entities": {
                "hashtags": [],
                "links": [],
                "mentions": []
            },
            "html": "<span itemscope=\"https://app.net/schemas/Post\">I forced me to use a Nexus 7 for one hour (first time with an android). Main report: very surprised by the interface, it&#8217;s so ugly!</span>",
            "id": "1408703",
            "machine_only": false,
            "num_replies": 0,
            "num_reposts": 0,
            "num_stars": 0,
            "source": {
                "client_id": "QHhyYpuARCwurZdGuuR7zjDMHDRkwcKm",
                "link": "http://tapbots.com/software/netbot",
                "name": "Netbot for iOS"
            },
            "text": "I forced me to use a Nexus 7 for one hour (first time with an android). Main report: very surprised by the interface, it\u2019s so ugly!",
            "thread_id": "1408703",
            "user": {
                "avatar_image": {
                    "height": 200,
                    "url": "https://d2rfichhc2fb9n.cloudfront.net/image/4/WpjjmRqq7aoQ8PtijjwFHTJDj3fxWvjY65L1qDiV2h5pWf5pWcOBDyyfZQZICPdwexLu0o2PW1fsc5GR2VUBFmJ67uMtJWiOrdpG6ia9jk17MxDtSV2aP0vWyvnK6rZVK1XPcQH8rZKwtcQnZysn3UuL8io",
                    "width": 200
                },
                "canonical_url": "https://alpha.app.net/macteo",
                "counts": {
                    "followers": 25,
                    "following": 46,
                    "posts": 125,
                    "stars": 5
                },
                "cover_image": {
                    "height": 260,
                    "url": "https://d2rfichhc2fb9n.cloudfront.net/image/4/X1p8y7MSNnMKbPq2Oe7-TPwEBzgDDwkrw7Cy9-iBH96aL2gycU8siG0lF6fI7ZP0yYh5iiExlK5pfCMghlN8Er-KvLDnBMIlH_KM_ZjlHsi01f5bodSkvsOf6JRDI_Xsb51_EQjHcbXpPqgBvYvjWxVNRvA",
                    "width": 960
                },
                "created_at": "2012-08-10T22:00:42Z",
                "description": {
                    "entities": {
                        "hashtags": [],
                        "links": [],
                        "mentions": []
                    },
                    "html": "<span itemscope=\"https://app.net/schemas/Post\">Creator of Passdock and FastPdfKit.</span>",
                    "text": "Creator of Passdock and FastPdfKit."
                },
                "id": "1466",
                "locale": "en_US",
                "name": "Matteo Gavagnin",
                "timezone": "America/Los_Angeles",
                "type": "human",
                "username": "macteo"
            }
        },
        {
            "canonical_url": "https://alpha.app.net/kross/post/1408702",
            "created_at": "2012-11-06T08:03:30Z",
            "entities": {
                "hashtags": [
                    {
                        "len": 8,
                        "name": "tweebot",
                        "pos": 61
                    },
                    {
                        "len": 7,
                        "name": "netbot",
                        "pos": 73
                    },
                    {
                        "len": 19,
                        "name": "firstworlsproblems",
                        "pos": 107
                    }
                ],
                "links": [],
                "mentions": [
                    {
                        "id": "19605",
                        "len": 8,
                        "name": "tapbots",
                        "pos": 19
                    }
                ]
            },
            "html": "<span itemscope=\"https://app.net/schemas/Post\">I&#8217;m confused which <span itemprop=\"mention\" data-mention-id=\"19605\" data-mention-name=\"tapbots\">@tapbots</span> app is sending me notifications. <span itemprop=\"hashtag\" data-hashtag-name=\"tweebot\">#Tweebot</span> or <span itemprop=\"hashtag\" data-hashtag-name=\"netbot\">#netbot</span>? They sound the same. :/\n\n<span itemprop=\"hashtag\" data-hashtag-name=\"firstworlsproblems\">#firstworlsproblems</span></span>",
            "id": "1408702",
            "machine_only": false,
            "num_replies": 0,
            "num_reposts": 0,
            "num_stars": 0,
            "source": {
                "client_id": "QHhyYpuARCwurZdGuuR7zjDMHDRkwcKm",
                "link": "http://tapbots.com/software/netbot",
                "name": "Netbot for iOS"
            },
            "text": "I\u2019m confused which @tapbots app is sending me notifications. #Tweebot or #netbot? They sound the same. :/\n\n#firstworlsproblems",
            "thread_id": "1408702",
            "user": {
                "avatar_image": {
                    "height": 200,
                    "url": "https://d2rfichhc2fb9n.cloudfront.net/image/4/s4YLVfLosDAOHNm0iLxMjCdyK1VgGDDYowcjv9URU8np5z_LeKqQR7vrIu_C2RVfECE68VUxIrzv5kCXa_Ssu-khEQGYj1zpCP01kQisEzlrxVsjMl01OHtchcwLr7f1_vxg6Z85k7BA7mBLejDW95ucoS8",
                    "width": 200
                },
                "canonical_url": "https://alpha.app.net/kross",
                "counts": {
                    "followers": 42,
                    "following": 45,
                    "posts": 786,
                    "stars": 1
                },
                "cover_image": {
                    "height": 1435,
                    "url": "https://d2rfichhc2fb9n.cloudfront.net/image/4/0yV1EtJ00BWSVcbZpabyJvBXZp-p7zAAWMdtuuraawWUy9qWo_Z4aBpqsNNIYfpjvF-AR6dNUBBOwHpBFkPh1GHPUgaFDsA-0fXL48R3H2aBbSvOphwrEvrjsAXC7pEuGJUUp3jV068N2PW3ypAf8a6kdjM",
                    "width": 1435
                },
                "created_at": "2012-10-04T01:16:43Z",
                "description": {
                    "entities": {
                        "hashtags": [],
                        "links": [],
                        "mentions": []
                    },
                    "html": "<span itemscope=\"https://app.net/schemas/Post\">i. eat. shoot. game. ride. </span>",
                    "text": "i. eat. shoot. game. ride. "
                },
                "id": "21957",
                "locale": "en",
                "name": "aaron",
                "timezone": "Asia/Singapore",
                "type": "human",
                "username": "kross"
            }
        },
        {
            "canonical_url": "https://alpha.app.net/axing/post/1408701",
            "created_at": "2012-11-06T08:02:37Z",
            "entities": {
                "hashtags": [
                    {
                        "len": 4,
                        "name": "php",
                        "pos": 137
                    }
                ],
                "links": [],
                "mentions": []
            },
            "html": "<span itemscope=\"https://app.net/schemas/Post\">Thanks to my friend pointed out that I missed \"AllowOverride All\" in httpd-vhost.conf that caused .htaccess didn't work in virtual host. <span itemprop=\"hashtag\" data-hashtag-name=\"php\">#PHP</span></span>",
            "id": "1408701",
            "machine_only": false,
            "num_replies": 0,
            "num_reposts": 0,
            "num_stars": 0,
            "source": {
                "client_id": "caYWDBvjwt2e9HWMm6qyKS6KcATHUkzQ",
                "link": "https://alpha.app.net",
                "name": "Alpha"
            },
            "text": "Thanks to my friend pointed out that I missed \"AllowOverride All\" in httpd-vhost.conf that caused .htaccess didn't work in virtual host. #PHP",
            "thread_id": "1408701",
            "user": {
                "avatar_image": {
                    "height": 200,
                    "url": "https://d2rfichhc2fb9n.cloudfront.net/image/4/9z4LSBzr8IJkIxd4nQYVG1fNokSc9P9_yvIGbOjtavqVjATJcSxS-FEf9bSNJwnKrcBuDhaFAovVA_MI1JSdQg7ssxi4zBhwIXWzg75fMkSQAXZqielY0A-xbVuSs22p-YUOWNWoqnna19zwydrEZV4C7DM",
                    "width": 200
                },
                "canonical_url": "https://alpha.app.net/axing",
                "counts": {
                    "followers": 2,
                    "following": 7,
                    "posts": 18,
                    "stars": 0
                },
                "cover_image": {
                    "height": 416,
                    "url": "https://d2rfichhc2fb9n.cloudfront.net/image/4/3ht6Iri89FRPhi7gxBELTRK9O44rZ77Tmo5Pfi7NH5uf5kwqPozYmzCSe7GGlo3j4COEOqqK-x0B7HqIph0EqkH_5P2Eo14hDXUDAhrkRRKT-wx2G_tkAgS_DbifWVhcPCmNIpL4STXbGn5MZTxIeB2BHZk",
                    "width": 960
                },
                "created_at": "2012-10-05T03:01:51Z",
                "description": {
                    "entities": {
                        "hashtags": [],
                        "links": [],
                        "mentions": []
                    },
                    "html": "<span itemscope=\"https://app.net/schemas/Post\">Since Oct 4, 2012</span>",
                    "text": "Since Oct 4, 2012"
                },
                "id": "23142",
                "locale": "en",
                "name": "Sumartono Liu",
                "timezone": "Asia/Jakarta",
                "type": "human",
                "username": "axing"
            }
        },
        {
            "canonical_url": "https://alpha.app.net/sterlingz/post/1408700",
            "created_at": "2012-11-06T08:01:56Z",
            "entities": {
                "hashtags": [],
                "links": [],
                "mentions": [
                    {
                        "id": "851",
                        "len": 9,
                        "name": "chartier",
                        "pos": 0
                    }
                ]
            },
            "html": "<span itemscope=\"https://app.net/schemas/Post\"><span itemprop=\"mention\" data-mention-id=\"851\" data-mention-name=\"chartier\">@chartier</span> Yes, exactly the model I want too. </span>",
            "id": "1408700",
            "machine_only": false,
            "num_replies": 0,
            "num_reposts": 0,
            "num_stars": 0,
            "reply_to": "1405926",
            "source": {
                "client_id": "ZcFNVDbEhCTc79z9ALaGbxuvXRqTdDAS",
                "link": "http://watercoolerapp.net",
                "name": "Watercooler"
            },
            "text": "@chartier Yes, exactly the model I want too. ",
            "thread_id": "1405926",
            "user": {
                "avatar_image": {
                    "height": 200,
                    "url": "https://d2rfichhc2fb9n.cloudfront.net/image/4/hIInRGScRtJN6cbVQ0KHPF6sow-4DzA0Bl5Iuwi7EhOP7IuPZUqTTM5qjhNvqGryP1J29upCfypGHkvPWENB4MmndtBTrrKouXckeohJ8RcY1dyIEFQ40kLgy2a7XJhKxSzE4fg_vNtkkXuOFzQ3gRq9398",
                    "width": 200
                },
                "canonical_url": "https://alpha.app.net/sterlingz",
                "counts": {
                    "followers": 6,
                    "following": 61,
                    "posts": 39,
                    "stars": 0
                },
                "cover_image": {
                    "height": 260,
                    "url": "https://d2rfichhc2fb9n.cloudfront.net/image/4/X1p8y7MSNnMKbPq2Oe7-TPwEBzgDDwkrw7Cy9-iBH96aL2gycU8siG0lF6fI7ZP0yYh5iiExlK5pfCMghlN8Er-KvLDnBMIlH_KM_ZjlHsi01f5bodSkvsOf6JRDI_Xsb51_EQjHcbXpPqgBvYvjWxVNRvA",
                    "width": 960
                },
                "created_at": "2012-08-18T00:39:13Z",
                "description": {
                    "entities": {
                        "hashtags": [],
                        "links": [],
                        "mentions": []
                    },
                    "html": "<span itemscope=\"https://app.net/schemas/Post\">Underwater photographer and CTO for Backscatter based in Monterey, CA</span>",
                    "text": "Underwater photographer and CTO for Backscatter based in Monterey, CA"
                },
                "id": "7764",
                "locale": "en_US",
                "name": "Sterling Zumbrunn",
                "timezone": "America/Los_Angeles",
                "type": "human",
                "username": "sterlingz"
            }
        },
        {
            "canonical_url": "https://alpha.app.net/shauny/post/1408699",
            "created_at": "2012-11-06T08:01:34Z",
            "entities": {
                "hashtags": [],
                "links": [],
                "mentions": [
                    {
                        "id": "20500",
                        "len": 7,
                        "name": "netbot",
                        "pos": 0
                    }
                ]
            },
            "html": "<span itemscope=\"https://app.net/schemas/Post\"><span itemprop=\"mention\" data-mention-id=\"20500\" data-mention-name=\"netbot\">@netbot</span> oh, you click your avatar. Hard to find. Thanks. </span>",
            "id": "1408699",
            "machine_only": false,
            "num_replies": 0,
            "num_reposts": 0,
            "num_stars": 0,
            "reply_to": "1402566",
            "source": {
                "client_id": "QHhyYpuARCwurZdGuuR7zjDMHDRkwcKm",
                "link": "http://tapbots.com/software/netbot",
                "name": "Netbot for iOS"
            },
            "text": "@netbot oh, you click your avatar. Hard to find. Thanks. ",
            "thread_id": "1402157",
            "user": {
                "avatar_image": {
                    "height": 200,
                    "url": "https://d2rfichhc2fb9n.cloudfront.net/image/4/tBt5D9z_ORJBTIwGg1nIGHirQ3lZEhrO969SCo_YfLmaLs1B6Q6ghfdVyeKRcJqf406nrK_QZqM1KQb8PB1lsK_ZK69PXirkKHg73cqrb-2Lk48-iSJezKbK8zCiuu275dUeSR6IdcJTsfNWuQ7203Ju_DI",
                    "width": 200
                },
                "canonical_url": "https://alpha.app.net/shauny",
                "counts": {
                    "followers": 22,
                    "following": 70,
                    "posts": 173,
                    "stars": 3
                },
                "cover_image": {
                    "height": 260,
                    "url": "https://d2rfichhc2fb9n.cloudfront.net/image/4/X1p8y7MSNnMKbPq2Oe7-TPwEBzgDDwkrw7Cy9-iBH96aL2gycU8siG0lF6fI7ZP0yYh5iiExlK5pfCMghlN8Er-KvLDnBMIlH_KM_ZjlHsi01f5bodSkvsOf6JRDI_Xsb51_EQjHcbXpPqgBvYvjWxVNRvA",
                    "width": 960
                },
                "created_at": "2012-08-31T22:09:12Z",
                "description": {
                    "entities": {
                        "hashtags": [],
                        "links": [
                            {
                                "len": 16,
                                "pos": 27,
                                "text": "http://shauny.me",
                                "url": "http://shauny.me"
                            },
                            {
                                "len": 20,
                                "pos": 45,
                                "text": "http://rubious.co.uk",
                                "url": "http://rubious.co.uk"
                            }
                        ],
                        "mentions": []
                    },
                    "html": "<span itemscope=\"https://app.net/schemas/Post\">Web developer in Ipswich.\r\n<a href=\"http://shauny.me\">http://shauny.me</a>\r\n<a href=\"http://rubious.co.uk\">http://rubious.co.uk</a></span>",
                    "text": "Web developer in Ipswich.\r\nhttp://shauny.me\r\nhttp://rubious.co.uk"
                },
                "id": "18254",
                "locale": "en_US",
                "name": "Shaun Robinson",
                "timezone": "America/Los_Angeles",
                "type": "human",
                "username": "shauny"
            }
        },
        {
            "canonical_url": "https://alpha.app.net/timrowe/post/1408698",
            "created_at": "2012-11-06T08:01:21Z",
            "entities": {
                "hashtags": [],
                "links": [
                    {
                        "len": 60,
                        "pos": 48,
                        "text": "http://www.leezachariah.com/2012/11/05/the-barack-obama-faq/",
                        "url": "http://www.leezachariah.com/2012/11/05/the-barack-obama-faq/"
                    }
                ],
                "mentions": [
                    {
                        "id": "249",
                        "len": 6,
                        "name": "kosso",
                        "pos": 4
                    },
                    {
                        "id": "5690",
                        "len": 8,
                        "name": "pyrmont",
                        "pos": 14
                    }
                ]
            },
            "html": "<span itemscope=\"https://app.net/schemas/Post\">via <span itemprop=\"mention\" data-mention-id=\"249\" data-mention-name=\"kosso\">@kosso</span> &gt;&gt; <span itemprop=\"mention\" data-mention-id=\"5690\" data-mention-name=\"pyrmont\">@pyrmont</span>: Dear Americans\r\n\r\nThis: <a href=\"http://www.leezachariah.com/2012/11/05/the-barack-obama-faq/\">http://www.leezachariah.com/2012/11/05/the-barack-obama-faq/</a>\r\n\r\nCheers. </span>",
            "id": "1408698",
            "machine_only": false,
            "num_replies": 0,
            "num_reposts": 0,
            "num_stars": 0,
            "source": {
                "client_id": "36dxbj5PwYchJSekCFrSFUzkQBsXSNFY",
                "link": "http://app.noodletalk.org",
                "name": "NoodleApp"
            },
            "text": "via @kosso >> @pyrmont: Dear Americans\r\n\r\nThis: http://www.leezachariah.com/2012/11/05/the-barack-obama-faq/\r\n\r\nCheers. ",
            "thread_id": "1408698",
            "user": {
                "avatar_image": {
                    "height": 200,
                    "url": "https://d2rfichhc2fb9n.cloudfront.net/image/4/6C_kZVJQaHazvPfj3z6BiUQ7H2El34eCHI5_6f_aDuAWJtgvxCcg2QoLdLhaCiSsbIGeYATq9hnbjn5PONR8RQ1VNmDrzGamqRRGGZad-fOsPfMtM-eEo00MRgcnQDqB7-2G1f5aV9RH6Enmg_qdjZipknA",
                    "width": 200
                },
                "canonical_url": "https://alpha.app.net/timrowe",
                "counts": {
                    "followers": 60,
                    "following": 79,
                    "posts": 935,
                    "stars": 1
                },
                "cover_image": {
                    "height": 2592,
                    "url": "https://d2rfichhc2fb9n.cloudfront.net/image/4/8UmAzxdGYSPQmnzSc9nj6zUPcIlcEV7y4eecXjAnJGtyTlbjCZ9nIQlgNMHVjCeYh1prUmMARpZNVZlY3gzCEiByNgi8nBGdziHrkf3NDDLlQ-uC5zfXU6v53zV-efVGdCi4NaZqdncWCM_KqWHT9FhENCY",
                    "width": 1952
                },
                "created_at": "2012-09-03T11:09:14Z",
                "description": {
                    "entities": {
                        "hashtags": [],
                        "links": [
                            {
                                "len": 21,
                                "pos": 212,
                                "text": "http://timrowe.co.uk/",
                                "url": "http://timrowe.co.uk/"
                            }
                        ],
                        "mentions": []
                    },
                    "html": "<span itemscope=\"https://app.net/schemas/Post\">Occasional composer of Ambient &amp; Minimalist Music. Singer. Narrator. Voiceover.  Speak Double Dutch &amp; Faux French.  Recent Mac convert - but non-techy. Meditation Teacher. Consciousness Surfer. Based in London.  <a href=\"http://timrowe.co.uk/\">http://timrowe.co.uk/</a></span>",
                    "text": "Occasional composer of Ambient & Minimalist Music. Singer. Narrator. Voiceover.  Speak Double Dutch & Faux French.  Recent Mac convert - but non-techy. Meditation Teacher. Consciousness Surfer. Based in London.  http://timrowe.co.uk/"
                },
                "id": "18554",
                "locale": "en",
                "name": "Tim Rowe",
                "timezone": "Europe/London",
                "type": "human",
                "username": "timrowe"
            }
        },
        {
            "canonical_url": "https://alpha.app.net/czottmann/post/1408697",
            "created_at": "2012-11-06T08:01:19Z",
            "entities": {
                "hashtags": [],
                "links": [
                    {
                        "len": 91,
                        "pos": 67,
                        "text": "http://www.salon.com/2012/11/05/ohio_republicans_sneak_risky_software_onto_voting_machines/",
                        "url": "http://www.salon.com/2012/11/05/ohio_republicans_sneak_risky_software_onto_voting_machines/"
                    }
                ],
                "mentions": []
            },
            "html": "<span itemscope=\"https://app.net/schemas/Post\">Salon: Ohio Republicans sneak risky software onto voting machines \n<a href=\"http://www.salon.com/2012/11/05/ohio_republicans_sneak_risky_software_onto_voting_machines/\">http://www.salon.com/2012/11/05/ohio_republicans_sneak_risky_software_onto_voting_machines/</a> So Ohio voters are not as important after all? </span>",
            "id": "1408697",
            "machine_only": false,
            "num_replies": 0,
            "num_reposts": 0,
            "num_stars": 0,
            "source": {
                "client_id": "QHhyYpuARCwurZdGuuR7zjDMHDRkwcKm",
                "link": "http://tapbots.com/software/netbot",
                "name": "Netbot for iOS"
            },
            "text": "Salon: Ohio Republicans sneak risky software onto voting machines \nhttp://www.salon.com/2012/11/05/ohio_republicans_sneak_risky_software_onto_voting_machines/ So Ohio voters are not as important after all? ",
            "thread_id": "1408697",
            "user": {
                "avatar_image": {
                    "height": 200,
                    "url": "https://d2rfichhc2fb9n.cloudfront.net/image/4/4I3GL31zSQehBHgN8ChgTawWLkBb73do2PRulf3ZSPFxgIpJr2-gzkcDy-uv34jaxUk8SoVvnDfOiKaO1dlW75ajQmpxdi-XWax5BHUK2DFUE57dJ4uq1__m3lIZC5rXrjU3FYLuov5ihMDgdfOzJA9zcZg",
                    "width": 200
                },
                "canonical_url": "https://alpha.app.net/czottmann",
                "counts": {
                    "followers": 42,
                    "following": 31,
                    "posts": 103,
                    "stars": 5
                },
                "cover_image": {
                    "height": 788,
                    "url": "https://d2rfichhc2fb9n.cloudfront.net/image/4/r1PnFbag0AavGc3m0tjMym2tlPlGSFhpk-rlHqMn2Ye-KQtNf_R3UA7MG9PXpHOJFe0VN8nfLw3NFnpAB4f8500eLZTIw3090V4Gl-Bauf0ipFVq74BGtJv8XvTVIsPDddcGa43_AtAiOW3njIT2k2lHj4k",
                    "width": 1920
                },
                "created_at": "2012-08-12T16:30:37Z",
                "description": {
                    "entities": {
                        "hashtags": [],
                        "links": [
                            {
                                "len": 18,
                                "pos": 21,
                                "text": "http://municode.de",
                                "url": "http://municode.de"
                            },
                            {
                                "len": 17,
                                "pos": 68,
                                "text": "https://servus.io",
                                "url": "https://servus.io"
                            },
                            {
                                "len": 25,
                                "pos": 98,
                                "text": "http://foto-bundesliga.de",
                                "url": "http://foto-bundesliga.de"
                            },
                            {
                                "len": 25,
                                "pos": 138,
                                "text": "http://carlo.zottmann.org",
                                "url": "http://carlo.zottmann.org"
                            },
                            {
                                "len": 27,
                                "pos": 179,
                                "text": "http://twitter.com/municode",
                                "url": "http://twitter.com/municode"
                            }
                        ],
                        "mentions": []
                    },
                    "html": "<span itemscope=\"https://app.net/schemas/Post\">Freelancing web dev: <a href=\"http://municode.de\">http://municode.de</a>. &#9733; Maker of Servus for Mac: <a href=\"https://servus.io\">https://servus.io</a>. &#9733; Maker of <a href=\"http://foto-bundesliga.de\">http://foto-bundesliga.de</a>. &#9733; Writing at <a href=\"http://carlo.zottmann.org\">http://carlo.zottmann.org</a>. &#9733; Tweeting at <a href=\"http://twitter.com/municode\">http://twitter.com/municode</a>.\r\n\r\nInternetting at you *right now*!</span>",
                    "text": "Freelancing web dev: http://municode.de. \u2605 Maker of Servus for Mac: https://servus.io. \u2605 Maker of http://foto-bundesliga.de. \u2605 Writing at http://carlo.zottmann.org. \u2605 Tweeting at http://twitter.com/municode.\r\n\r\nInternetting at you *right now*!"
                },
                "id": "3095",
                "locale": "en",
                "name": "Carlo Zottmann",
                "timezone": "Europe/Berlin",
                "type": "human",
                "username": "czottmann"
            }
        },
        {
            "canonical_url": "https://alpha.app.net/cdn/post/1408696",
            "created_at": "2012-11-06T08:01:17Z",
            "entities": {
                "hashtags": [],
                "links": [],
                "mentions": [
                    {
                        "id": "6069",
                        "len": 11,
                        "name": "franksting",
                        "pos": 0
                    },
                    {
                        "id": "14293",
                        "len": 7,
                        "name": "sunili",
                        "pos": 12
                    },
                    {
                        "id": "17371",
                        "len": 7,
                        "name": "alicia",
                        "pos": 20
                    }
                ]
            },
            "html": "<span itemscope=\"https://app.net/schemas/Post\"><span itemprop=\"mention\" data-mention-id=\"6069\" data-mention-name=\"franksting\">@franksting</span> <span itemprop=\"mention\" data-mention-id=\"14293\" data-mention-name=\"sunili\">@sunili</span> <span itemprop=\"mention\" data-mention-id=\"17371\" data-mention-name=\"alicia\">@alicia</span> Leiter&#8230;.</span>",
            "id": "1408696",
            "machine_only": false,
            "num_replies": 0,
            "num_reposts": 0,
            "num_stars": 0,
            "reply_to": "1404768",
            "source": {
                "client_id": "cRWp45kA49pQKtxsZQXdwTnyuU6jBwuA",
                "link": "http://tigerbears.com/felix",
                "name": "Felix"
            },
            "text": "@franksting @sunili @alicia Leiter\u2026.",
            "thread_id": "1403205",
            "user": {
                "avatar_image": {
                    "height": 126,
                    "url": "https://d2rfichhc2fb9n.cloudfront.net/image/4/WdLWdv-41GYaTe6oaMW_xK3I9vrYZ0GturGq_jkmQ8UcpTVJKpBustxybFRcCcTSJQxhFuWZ4oLr2d1KuZFs3WZk2S_0G218KJ3j2zNyjQR9LhcbHr-1x-5tgpppwVQHW6tdxjp_G7YuAdIbEEURAwoOviU",
                    "width": 126
                },
                "canonical_url": "https://alpha.app.net/cdn",
                "counts": {
                    "followers": 159,
                    "following": 106,
                    "posts": 2987,
                    "stars": 18
                },
                "cover_image": {
                    "height": 600,
                    "url": "https://d2rfichhc2fb9n.cloudfront.net/image/4/RFiYCGPi-cvRoOVXboh18v-TLS4W6qfhDF6yh5NJbNcX9oExjqPjjKe6YTJUuVBbsQf17DejEOLLH--BiN753co1bQbaLl3EjO4tyeQQB9xBpVhJpC3MDYBf4tgv4CrAzWhE2iezRldWTKHSs7XSjQIB4_o",
                    "width": 2400
                },
                "created_at": "2012-08-11T20:19:52Z",
                "description": {
                    "entities": {
                        "hashtags": [],
                        "links": [
                            {
                                "len": 6,
                                "pos": 0,
                                "text": "cdn.cx",
                                "url": "http://cdn.cx"
                            },
                            {
                                "len": 7,
                                "pos": 9,
                                "text": "chrs.nl",
                                "url": "http://chrs.nl"
                            },
                            {
                                "len": 16,
                                "pos": 19,
                                "text": "chrisneale.co.uk",
                                "url": "http://chrisneale.co.uk"
                            },
                            {
                                "len": 8,
                                "pos": 60,
                                "text": "briks.si",
                                "url": "http://briks.si"
                            }
                        ],
                        "mentions": []
                    },
                    "html": "<span itemscope=\"https://app.net/schemas/Post\"><a href=\"http://cdn.cx\">cdn.cx</a> | <a href=\"http://chrs.nl\">chrs.nl</a> | <a href=\"http://chrisneale.co.uk\">chrisneale.co.uk</a>\r\n\r\nInfrequent monkey at <a href=\"http://briks.si\">briks.si</a>\r\n\r\nOccasional squirrel</span>",
                    "text": "cdn.cx | chrs.nl | chrisneale.co.uk\r\n\r\nInfrequent monkey at briks.si\r\n\r\nOccasional squirrel"
                },
                "id": "2726",
                "locale": "en",
                "name": "Chris Neale",
                "timezone": "Europe/London",
                "type": "human",
                "username": "cdn"
            }
        },
        {
            "canonical_url": "https://alpha.app.net/jasonkneen/post/1408695",
            "created_at": "2012-11-06T08:01:17Z",
            "entities": {
                "hashtags": [],
                "links": [
                    {
                        "len": 20,
                        "pos": 74,
                        "text": "http://bit.ly/VP0zYC",
                        "url": "http://bit.ly/VP0zYC"
                    }
                ],
                "mentions": []
            },
            "html": "<span itemscope=\"https://app.net/schemas/Post\">Instagram Finally Launches Web Profiles So You Can Browse People's Photos <a href=\"http://bit.ly/VP0zYC\">http://bit.ly/VP0zYC</a></span>",
            "id": "1408695",
            "machine_only": false,
            "num_replies": 0,
            "num_reposts": 0,
            "num_stars": 0,
            "source": {
                "client_id": "RQW8mehVHU3wLdWLWd8YH3tuYzAq29W2",
                "link": "http://bufferapp.com",
                "name": "Buffer"
            },
            "text": "Instagram Finally Launches Web Profiles So You Can Browse People's Photos http://bit.ly/VP0zYC",
            "thread_id": "1408695",
            "user": {
                "avatar_image": {
                    "height": 199,
                    "url": "https://d2rfichhc2fb9n.cloudfront.net/image/4/F0moPcMPdD7mGviGvfZRBUbFdUXFAoW00Xo3aNvXdzOuHqyZ8zcg7wGcaaTDXseKLlw84Cy5j6u3sT2fRLJZ4j0IPR9Y21s6sk3UeWtVCAxb6tETaR26YdUicUOFe8VkhqOWBHjLrh-sPUBKfchq5ir5Qnw",
                    "width": 199
                },
                "canonical_url": "https://alpha.app.net/jasonkneen",
                "counts": {
                    "followers": 34,
                    "following": 46,
                    "posts": 920,
                    "stars": 0
                },
                "cover_image": {
                    "height": 288,
                    "url": "https://d2rfichhc2fb9n.cloudfront.net/image/4/FO0XtpBe6txT0GljXGFzQyVploGAWIK1kQr45puN1ulIzG5ZN74dZbNhlVQLyxyqKsd5-mMUIXzkwdYdgnsVTZpGEWljwA_ZQDScfs_0hUFT7MzCBRzadDcMqBt_j-0cCpQzX_w3w_BZgl58dOWkYVz-tlk",
                    "width": 960
                },
                "created_at": "2012-08-09T20:53:55Z",
                "description": {
                    "entities": {
                        "hashtags": [
                            {
                                "len": 13,
                                "name": "appcelerator",
                                "pos": 85
                            }
                        ],
                        "links": [],
                        "mentions": []
                    },
                    "html": "<span itemscope=\"https://app.net/schemas/Post\">Creator of @tweet4me, @buffer4me, @appcookies &#8226; Freelance Web/App/Mobile Developer &#8226; <span itemprop=\"hashtag\" data-hashtag-name=\"appcelerator\">#Appcelerator</span> Titan &#8226; Co-creator of three gorgeous kids.</span>",
                    "text": "Creator of @tweet4me, @buffer4me, @appcookies \u2022 Freelance Web/App/Mobile Developer \u2022 #Appcelerator Titan \u2022 Co-creator of three gorgeous kids."
                },
                "id": "1016",
                "locale": "en_US",
                "name": "Jason Kneen",
                "timezone": "America/Los_Angeles",
                "type": "human",
                "username": "jasonkneen"
            }
        },
        {
            "canonical_url": "https://alpha.app.net/runchal/post/1408694",
            "created_at": "2012-11-06T08:00:48Z",
            "entities": {
                "hashtags": [],
                "links": [],
                "mentions": []
            },
            "html": "<span itemscope=\"https://app.net/schemas/Post\">The touch response on the Kindle Paperwhite is just good enough that I want Amazon to open up their e-ink readers as a platform. I&#8217;d love to see a fully-functional read later service on it that lets me fave and archive in a non-klugy way.</span>",
            "id": "1408694",
            "machine_only": false,
            "num_replies": 0,
            "num_reposts": 0,
            "num_stars": 0,
            "source": {
                "client_id": "QHhyYpuARCwurZdGuuR7zjDMHDRkwcKm",
                "link": "http://tapbots.com/software/netbot",
                "name": "Netbot for iOS"
            },
            "text": "The touch response on the Kindle Paperwhite is just good enough that I want Amazon to open up their e-ink readers as a platform. I\u2019d love to see a fully-functional read later service on it that lets me fave and archive in a non-klugy way.",
            "thread_id": "1408694",
            "user": {
                "avatar_image": {
                    "height": 200,
                    "url": "https://d2rfichhc2fb9n.cloudfront.net/image/4/olMo29gJn93rq8siLtEy29ywa80rMDxt3QfxnJmJU0HWzcRalojbIp0lAu7kOBKz_SKiLl6By0TOLMSxLvm2YH_drvY1nVhUJV4btU0Ca8GU4Advdoo3ZQ-9SK9BIa4yiF92sF7HzjOYzPIOjkerKfUekWk",
                    "width": 200
                },
                "canonical_url": "https://alpha.app.net/runchal",
                "counts": {
                    "followers": 14,
                    "following": 124,
                    "posts": 128,
                    "stars": 8
                },
                "cover_image": {
                    "height": 591,
                    "url": "https://d2rfichhc2fb9n.cloudfront.net/image/4/jQst3D3EtEZj8KHv-hxA3TZRfY11hS8K0EesgHEYQnsFp-DwyXf7s8Q9AldRLIoYv9_QWW4nzP9WCKdQe1zbsuj9O7x5SCGP5dUej5Gqw8IBA_pToGYfXJgJhOYBU6-DQPhsLynk8Je7IZv0DWSAoXYGfCk",
                    "width": 1648
                },
                "created_at": "2012-08-09T22:09:01Z",
                "description": {
                    "entities": {
                        "hashtags": [],
                        "links": [],
                        "mentions": []
                    }
                },
                "id": "1123",
                "locale": "en_US",
                "name": "Amit Runchal",
                "timezone": "America/Los_Angeles",
                "type": "human",
                "username": "runchal"
            }
        },
        {
            "canonical_url": "https://alpha.app.net/normgregory/post/1408693",
            "created_at": "2012-11-06T08:00:46Z",
            "entities": {
                "hashtags": [],
                "links": [
                    {
                        "len": 21,
                        "pos": 73,
                        "text": "http://huff.to/SStMSv",
                        "url": "http://huff.to/SStMSv"
                    }
                ],
                "mentions": []
            },
            "html": "<span itemscope=\"https://app.net/schemas/Post\">\"5 Questions Romney Never Answered About Mormonism -- And Why He Should\" <a href=\"http://huff.to/SStMSv\">http://huff.to/SStMSv</a></span>",
            "id": "1408693",
            "machine_only": false,
            "num_replies": 0,
            "num_reposts": 0,
            "num_stars": 0,
            "source": {
                "client_id": "RQW8mehVHU3wLdWLWd8YH3tuYzAq29W2",
                "link": "http://bufferapp.com",
                "name": "Buffer"
            },
            "text": "\"5 Questions Romney Never Answered About Mormonism -- And Why He Should\" http://huff.to/SStMSv",
            "thread_id": "1408693",
            "user": {
                "avatar_image": {
                    "height": 119,
                    "url": "https://d2rfichhc2fb9n.cloudfront.net/image/4/svxeY-wsLoD0oBV5KKd0JOYHhJU-hO8BmAkhE5IwZSdhUtWtnehQd_-jiyVcNcr0RMZIMksSXhPZkZ-WulrLBQxEJlpOkHogXNIm03vlzzehdNyC-dR8m0DiKsSAUSK5lSkvANIPEABwdhjPnNP0VTMBbr8",
                    "width": 119
                },
                "canonical_url": "https://alpha.app.net/normgregory",
                "counts": {
                    "followers": 6,
                    "following": 0,
                    "posts": 359,
                    "stars": 0
                },
                "cover_image": {
                    "height": 251,
                    "url": "https://d2rfichhc2fb9n.cloudfront.net/image/4/ZmMY3HC0FmVMRMwUasT3d7HAGUfxlXWPTttHtC0YS2541zQZSeZlSBthpG7-1XfsptixTGcDe-y_dMo0Gm-LDmIe6K1rYDD26DM_g9jZ7CM6sQGujR3vLiyW1YfJ_Bi3X25zqEnGakrI8rvhDeiPbbFz9jk",
                    "width": 962
                },
                "created_at": "2012-09-15T21:14:50Z",
                "description": {
                    "entities": {
                        "hashtags": [],
                        "links": [],
                        "mentions": []
                    },
                    "html": "<span itemscope=\"https://app.net/schemas/Post\">Retired long time Seattle radio guy (KJR,KZOK,KOMO,KJR-FM). Still doing daily showprep. Movie fan; follow media, music, politics, &amp; tech.\r\n</span>",
                    "text": "Retired long time Seattle radio guy (KJR,KZOK,KOMO,KJR-FM). Still doing daily showprep. Movie fan; follow media, music, politics, & tech.\r\n"
                },
                "id": "19301",
                "locale": "en_US",
                "name": "Norm Gregory",
                "timezone": "America/Los_Angeles",
                "type": "human",
                "username": "normgregory"
            }
        },
        {
            "canonical_url": "https://alpha.app.net/laxidasical/post/1408692",
            "created_at": "2012-11-06T08:00:42Z",
            "entities": {
                "hashtags": [],
                "links": [],
                "mentions": [
                    {
                        "id": "3150",
                        "len": 3,
                        "name": "zz",
                        "pos": 0
                    }
                ]
            },
            "html": "<span itemscope=\"https://app.net/schemas/Post\"><span itemprop=\"mention\" data-mention-id=\"3150\" data-mention-name=\"zz\">@zz</span> Mini Katrina&#8217;s, or centi or micro or deci? Should we go scientific notation?</span>",
            "id": "1408692",
            "machine_only": false,
            "num_replies": 0,
            "num_reposts": 0,
            "num_stars": 0,
            "reply_to": "1402655",
            "source": {
                "client_id": "QHhyYpuARCwurZdGuuR7zjDMHDRkwcKm",
                "link": "http://tapbots.com/software/netbot",
                "name": "Netbot for iOS"
            },
            "text": "@zz Mini Katrina\u2019s, or centi or micro or deci? Should we go scientific notation?",
            "thread_id": "1402655",
            "user": {
                "avatar_image": {
                    "height": 200,
                    "url": "https://d2rfichhc2fb9n.cloudfront.net/image/4/uwBIuahwXUE044TMoD3qyCcqRZaYuEF_IkI38ngTSee_EyIn-NTtrE2IQ-Ny0LGSMTKLSu2Ty1qi-jsscxf7ZPUzQvHhW-3LFKwzSAX84uV2qUdYsJ9Gbid3NXWS8QATlfIIUbaNU6hRLAV58kN1aIWC02w",
                    "width": 200
                },
                "canonical_url": "https://alpha.app.net/laxidasical",
                "counts": {
                    "followers": 28,
                    "following": 68,
                    "posts": 177,
                    "stars": 1
                },
                "cover_image": {
                    "height": 540,
                    "url": "https://d2rfichhc2fb9n.cloudfront.net/image/4/nGyNPtwI7_SsymXfDZPSleeIKLLcY4fjBzz5oiLzJvHBwtyVQOLa24jlKU54BFdzKTJp1klMvNU0n-_nnyrRqlgZrvnqSb7ZSf-ii9Zv4vqcQipV-G7x2bQI5U-tmsPjNoSRpZ7PCPJgq9Hhy7cG6DtSbco",
                    "width": 960
                },
                "created_at": "2012-08-16T23:58:49Z",
                "description": {
                    "entities": {
                        "hashtags": [],
                        "links": [
                            {
                                "len": 23,
                                "pos": 116,
                                "text": "http://about.me/gaskell",
                                "url": "http://about.me/gaskell"
                            }
                        ],
                        "mentions": []
                    },
                    "html": "<span itemscope=\"https://app.net/schemas/Post\">International Teacher living in Singapore. I love tech, sport, travel, politics, finance, science and my family.\r\n\r\n<a href=\"http://about.me/gaskell\">http://about.me/gaskell</a></span>",
                    "text": "International Teacher living in Singapore. I love tech, sport, travel, politics, finance, science and my family.\r\n\r\nhttp://about.me/gaskell"
                },
                "id": "4743",
                "locale": "en",
                "name": "John Gaskell",
                "timezone": "Asia/Singapore",
                "type": "human",
                "username": "laxidasical"
            }
        },
        {
            "canonical_url": "https://alpha.app.net/mkstvns/post/1408691",
            "created_at": "2012-11-06T08:00:41Z",
            "entities": {
                "hashtags": [
                    {
                        "len": 19,
                        "name": "ghostswithshitjobs",
                        "pos": 65
                    }
                ],
                "links": [
                    {
                        "len": 29,
                        "pos": 105,
                        "text": "http://ghostswithshitjobs.com",
                        "url": "http://ghostswithshitjobs.com"
                    }
                ],
                "mentions": []
            },
            "html": "<span itemscope=\"https://app.net/schemas/Post\">ffffuu. It is annoyingly impossible to find a legit way to watch <span itemprop=\"hashtag\" data-hashtag-name=\"ghostswithshitjobs\">#GhostsWithShitJobs</span> legally, right now. <a href=\"http://ghostswithshitjobs.com\">http://ghostswithshitjobs.com</a></span>",
            "id": "1408691",
            "machine_only": false,
            "num_replies": 0,
            "num_reposts": 0,
            "num_stars": 0,
            "source": {
                "client_id": "caYWDBvjwt2e9HWMm6qyKS6KcATHUkzQ",
                "link": "https://alpha.app.net",
                "name": "Alpha"
            },
            "text": "ffffuu. It is annoyingly impossible to find a legit way to watch #GhostsWithShitJobs legally, right now. http://ghostswithshitjobs.com",
            "thread_id": "1408691",
            "user": {
                "avatar_image": {
                    "height": 200,
                    "url": "https://d2rfichhc2fb9n.cloudfront.net/image/4/RBV6bSC6O8mHTN-DOvOvJtfP66FerIQyzGMDbxlvS-wu8ruqbbr4RcWrDVZ2fxo6y3tbJ6a_EHYGLFUshMesaQN-oVkjUuYdtSjkrh1AvCZoRUctC9RNViVD8H5JwYAysxG5s7mtE72zfNfuEnlxt4rQ2oc",
                    "width": 200
                },
                "canonical_url": "https://alpha.app.net/mkstvns",
                "counts": {
                    "followers": 40,
                    "following": 45,
                    "posts": 693,
                    "stars": 6
                },
                "cover_image": {
                    "height": 853,
                    "url": "https://d2rfichhc2fb9n.cloudfront.net/image/4/hcr8c16B-VI-B1mdyJFSd81oGwd0ccOyqEosKVS6YdMILXay7n65058lnCGN2PWR-6WrB1179uRNksoonHEXODia_bL1qmV593J9Z5pfDr3dhOiYC9Q9BGdxZeF6UhJrBsmul5F7OuSHXjTTGDz9BGadcCU",
                    "width": 1162
                },
                "created_at": "2012-08-22T09:39:08Z",
                "description": {
                    "entities": {
                        "hashtags": [],
                        "links": [
                            {
                                "len": 18,
                                "pos": 99,
                                "text": "http://mkstvns.com",
                                "url": "http://mkstvns.com"
                            }
                        ],
                        "mentions": []
                    },
                    "html": "<span itemscope=\"https://app.net/schemas/Post\">Graphic designer, motoring journalist, cyclist and lower-level but nonetheless tech-obsessed geek. <a href=\"http://mkstvns.com\">http://mkstvns.com</a></span>",
                    "text": "Graphic designer, motoring journalist, cyclist and lower-level but nonetheless tech-obsessed geek. http://mkstvns.com"
                },
                "id": "16017",
                "locale": "en",
                "name": "Mike Stevens",
                "timezone": "Australia/Melbourne",
                "type": "human",
                "username": "mkstvns"
            }
        },
        {
            "canonical_url": "https://alpha.app.net/dghost/post/1408690",
            "created_at": "2012-11-06T08:00:36Z",
            "entities": {
                "hashtags": [],
                "links": [],
                "mentions": []
            },
            "html": "<span itemscope=\"https://app.net/schemas/Post\">Downside of living in a college town: 100+ person line to pick up Halo4 preorders.</span>",
            "id": "1408690",
            "machine_only": false,
            "num_replies": 0,
            "num_reposts": 0,
            "num_stars": 0,
            "source": {
                "client_id": "QHhyYpuARCwurZdGuuR7zjDMHDRkwcKm",
                "link": "http://tapbots.com/software/netbot",
                "name": "Netbot for iOS"
            },
            "text": "Downside of living in a college town: 100+ person line to pick up Halo4 preorders.",
            "thread_id": "1408690",
            "user": {
                "avatar_image": {
                    "height": 200,
                    "url": "https://d2rfichhc2fb9n.cloudfront.net/image/4/wOYcV_f6z-Yj1QGaEHoGKNXo_snutoKLIXIx-fBRdAGizky_2cklx3v-3nQWv9jddh02NxDmEJMqNnYZJ17Nun9Xt1zytLIGvDVN8lyv43ctCpoTOHjH4xXnW5b8xNR4bHbr3P02gyExJg2oRUsFIoTiT2o",
                    "width": 200
                },
                "canonical_url": "https://alpha.app.net/dghost",
                "counts": {
                    "followers": 5,
                    "following": 53,
                    "posts": 50,
                    "stars": 0
                },
                "cover_image": {
                    "height": 1936,
                    "url": "https://d2rfichhc2fb9n.cloudfront.net/image/4/DDVSYHBgxK7c-7dE2YrhPq2D81jhWVmgWJWdN_vX5BXrrYu9LZwyXf32qISO4ZfwoC4fHLMNIuph8E8VQO377cMFougtRverYHZN7nkqU-3Im9j6880kbXPNXOP5zjfk8B5ncGqMOPkZk2tjH3eMDty0zaQ",
                    "width": 2592
                },
                "created_at": "2012-08-22T11:39:08Z",
                "description": {
                    "entities": {
                        "hashtags": [],
                        "links": [
                            {
                                "len": 17,
                                "pos": 58,
                                "text": "http://dghost.net",
                                "url": "http://dghost.net"
                            }
                        ],
                        "mentions": []
                    },
                    "html": "<span itemscope=\"https://app.net/schemas/Post\">Student, Veteran, Programmer, Geek, Information Omnivore. <a href=\"http://dghost.net\">http://dghost.net</a></span>",
                    "text": "Student, Veteran, Programmer, Geek, Information Omnivore. http://dghost.net"
                },
                "id": "16482",
                "locale": "en_US",
                "name": "Luke Groeninger",
                "timezone": "America/Los_Angeles",
                "type": "human",
                "username": "dghost"
            }
        },
        {
            "canonical_url": "https://alpha.app.net/henrrrik/post/1408689",
            "created_at": "2012-11-06T08:00:33Z",
            "entities": {
                "hashtags": [],
                "links": [],
                "mentions": []
            },
            "html": "<span itemscope=\"https://app.net/schemas/Post\">What marketing genius decided Coke Zero and James Bond was a good fit?</span>",
            "id": "1408689",
            "machine_only": false,
            "num_replies": 0,
            "num_reposts": 0,
            "num_stars": 0,
            "source": {
                "client_id": "QHhyYpuARCwurZdGuuR7zjDMHDRkwcKm",
                "link": "http://tapbots.com/software/netbot",
                "name": "Netbot for iOS"
            },
            "text": "What marketing genius decided Coke Zero and James Bond was a good fit?",
            "thread_id": "1408689",
            "user": {
                "avatar_image": {
                    "height": 200,
                    "url": "https://d2rfichhc2fb9n.cloudfront.net/image/4/cKd3Vc7WO0THnGCvi5HFkTgEoiFb_LYvVWqDcpuk8P1oHDv5Lk2hJn1dPFBtNtZGfi8-DUtMJHLPReI3XnGRRgmkucDwZpzXlSu1QW_jzVsVFQTn7al5ZSG-yxcFbkwGUFzBN1hrjHRnkmYSrKbaqeArkkg",
                    "width": 200
                },
                "canonical_url": "https://alpha.app.net/henrrrik",
                "counts": {
                    "followers": 6,
                    "following": 26,
                    "posts": 12,
                    "stars": 0
                },
                "cover_image": {
                    "height": 323,
                    "url": "https://d2rfichhc2fb9n.cloudfront.net/image/4/g7UgPoPaNWR3mMtjGF8fA7mJ8k0iHI3Hpsvunq0AIA4F0S166rCD072ebNBd0kQgkqGAbyTaiw6mWGJYWEpTC78XXRGZ2FyaN9N6ygKRQCy59Li2cZmlrpuliqr2XvGKV9GrK66v4L0T1y3BWuVsR7mO_D8",
                    "width": 960
                },
                "created_at": "2012-10-04T18:14:53Z",
                "description": {
                    "entities": {
                        "hashtags": [],
                        "links": [],
                        "mentions": []
                    },
                    "html": "<span itemscope=\"https://app.net/schemas/Post\">Bearded 30-something web developer/mountain man.</span>",
                    "text": "Bearded 30-something web developer/mountain man."
                },
                "id": "22821",
                "locale": "en",
                "name": "Henrik Sj\u00f6kvist",
                "timezone": "America/Los_Angeles",
                "type": "human",
                "username": "henrrrik"
            }
        },
        {
            "canonical_url": "https://alpha.app.net/azusa/post/1408688",
            "created_at": "2012-11-06T08:00:25Z",
            "entities": {
                "hashtags": [],
                "links": [],
                "mentions": []
            },
            "html": "<span itemscope=\"https://app.net/schemas/Post\">&#20250;&#31038;&#25147;&#12387;&#12383;&#12435;(&#10008;&#9593;&#9697;&#9593;)</span>",
            "id": "1408688",
            "machine_only": false,
            "num_replies": 0,
            "num_reposts": 0,
            "num_stars": 0,
            "source": {
                "client_id": "QHhyYpuARCwurZdGuuR7zjDMHDRkwcKm",
                "link": "http://tapbots.com/software/netbot",
                "name": "Netbot for iOS"
            },
            "text": "\u4f1a\u793e\u623b\u3063\u305f\u3093(\u2718\u2579\u25e1\u2579)",
            "thread_id": "1408688",
            "user": {
                "avatar_image": {
                    "height": 200,
                    "url": "https://d2rfichhc2fb9n.cloudfront.net/image/4/RML2i_8K7WLtOX7bKMxs9XMpmIe-_y2VGeyNYo9QrHUFD3Xhh5ttdiFlykmXwAIcU_k5_a6un5_6kMjdDxAICCG7fbWTHI3m3oViSLFdLZCpRN-xbNvfPdS-AH6oHf0-_6H86yD_H_zesDaKodc5egUo4xo",
                    "width": 200
                },
                "canonical_url": "https://alpha.app.net/azusa",
                "counts": {
                    "followers": 8,
                    "following": 11,
                    "posts": 36,
                    "stars": 1
                },
                "cover_image": {
                    "height": 250,
                    "url": "https://d2rfichhc2fb9n.cloudfront.net/image/4/0i-FFfYrrcSemhSPnASEgp_ZsCHkZGF2sNgPN9lOZqfjyFPPP_UYz7ula6efWtPvtCiy-Fe8dUZs0A1TuHDGwd_vYU_KMxj4uaP4yPuVEI-PLiYq04tSG2FgvrA3uLA1wVRbiLHSUQuxmBDqqwLLekhWIDE",
                    "width": 960
                },
                "created_at": "2012-11-04T04:16:36Z",
                "description": {
                    "entities": {
                        "hashtags": [],
                        "links": [
                            {
                                "len": 24,
                                "pos": 36,
                                "text": "https://twitter.com/azs3",
                                "url": "https://twitter.com/azs3"
                            }
                        ],
                        "mentions": []
                    },
                    "html": "<span itemscope=\"https://app.net/schemas/Post\">Tokyo, Japan\r\n&#31169;&#12399;&#31169;&#12398;&#36947;&#12434;&#34892;&#12367;&#12541;('&#9633;'*)&#65417;=3=3\r\n<a href=\"https://twitter.com/azs3\">https://twitter.com/azs3</a></span>",
                    "text": "Tokyo, Japan\r\n\u79c1\u306f\u79c1\u306e\u9053\u3092\u884c\u304f\u30fd('\u25a1'*)\uff89=3=3\r\nhttps://twitter.com/azs3"
                },
                "id": "27446",
                "locale": "ja",
                "name": "Azusa Kagurazuki",
                "timezone": "Asia/Tokyo",
                "type": "human",
                "username": "azusa"
            }
        },
        {
            "canonical_url": "https://alpha.app.net/cdn/post/1408686",
            "created_at": "2012-11-06T08:00:22Z",
            "entities": {
                "hashtags": [],
                "links": [],
                "mentions": [
                    {
                        "id": "15110",
                        "len": 13,
                        "name": "thoughthound",
                        "pos": 0
                    },
                    {
                        "id": "17371",
                        "len": 7,
                        "name": "alicia",
                        "pos": 39
                    }
                ]
            },
            "html": "<span itemscope=\"https://app.net/schemas/Post\"><span itemprop=\"mention\" data-mention-id=\"15110\" data-mention-name=\"thoughthound\">@thoughthound</span> &#8220;start with desert&#8221; ;) / <span itemprop=\"mention\" data-mention-id=\"17371\" data-mention-name=\"alicia\">@alicia</span></span>",
            "id": "1408686",
            "machine_only": false,
            "num_replies": 0,
            "num_reposts": 0,
            "num_stars": 0,
            "reply_to": "1408674",
            "source": {
                "client_id": "cRWp45kA49pQKtxsZQXdwTnyuU6jBwuA",
                "link": "http://tigerbears.com/felix",
                "name": "Felix"
            },
            "text": "@thoughthound \u201cstart with desert\u201d ;) / @alicia",
            "thread_id": "1403901",
            "user": {
                "avatar_image": {
                    "height": 126,
                    "url": "https://d2rfichhc2fb9n.cloudfront.net/image/4/WdLWdv-41GYaTe6oaMW_xK3I9vrYZ0GturGq_jkmQ8UcpTVJKpBustxybFRcCcTSJQxhFuWZ4oLr2d1KuZFs3WZk2S_0G218KJ3j2zNyjQR9LhcbHr-1x-5tgpppwVQHW6tdxjp_G7YuAdIbEEURAwoOviU",
                    "width": 126
                },
                "canonical_url": "https://alpha.app.net/cdn",
                "counts": {
                    "followers": 159,
                    "following": 106,
                    "posts": 2987,
                    "stars": 18
                },
                "cover_image": {
                    "height": 600,
                    "url": "https://d2rfichhc2fb9n.cloudfront.net/image/4/RFiYCGPi-cvRoOVXboh18v-TLS4W6qfhDF6yh5NJbNcX9oExjqPjjKe6YTJUuVBbsQf17DejEOLLH--BiN753co1bQbaLl3EjO4tyeQQB9xBpVhJpC3MDYBf4tgv4CrAzWhE2iezRldWTKHSs7XSjQIB4_o",
                    "width": 2400
                },
                "created_at": "2012-08-11T20:19:52Z",
                "description": {
                    "entities": {
                        "hashtags": [],
                        "links": [
                            {
                                "len": 6,
                                "pos": 0,
                                "text": "cdn.cx",
                                "url": "http://cdn.cx"
                            },
                            {
                                "len": 7,
                                "pos": 9,
                                "text": "chrs.nl",
                                "url": "http://chrs.nl"
                            },
                            {
                                "len": 16,
                                "pos": 19,
                                "text": "chrisneale.co.uk",
                                "url": "http://chrisneale.co.uk"
                            },
                            {
                                "len": 8,
                                "pos": 60,
                                "text": "briks.si",
                                "url": "http://briks.si"
                            }
                        ],
                        "mentions": []
                    },
                    "html": "<span itemscope=\"https://app.net/schemas/Post\"><a href=\"http://cdn.cx\">cdn.cx</a> | <a href=\"http://chrs.nl\">chrs.nl</a> | <a href=\"http://chrisneale.co.uk\">chrisneale.co.uk</a>\r\n\r\nInfrequent monkey at <a href=\"http://briks.si\">briks.si</a>\r\n\r\nOccasional squirrel</span>",
                    "text": "cdn.cx | chrs.nl | chrisneale.co.uk\r\n\r\nInfrequent monkey at briks.si\r\n\r\nOccasional squirrel"
                },
                "id": "2726",
                "locale": "en",
                "name": "Chris Neale",
                "timezone": "Europe/London",
                "type": "human",
                "username": "cdn"
            }
        },
        {
            "canonical_url": "https://alpha.app.net/nerv/post/1408685",
            "created_at": "2012-11-06T08:00:22Z",
            "entities": {
                "hashtags": [],
                "links": [],
                "mentions": []
            },
            "html": "<span itemscope=\"https://app.net/schemas/Post\">&#12304;2012&#24180;11&#26376;6&#26085; 17:00 &#23500;&#23665;&#30476; &#27671;&#35937;&#24773;&#22577;&#12305;&#23500;&#23665;&#30476;&#12391;&#12399;&#12289;&#65303;&#26085;&#12395;&#12363;&#12369;&#12390;&#22823;&#27671;&#12398;&#29366;&#24907;&#12364;&#19981;&#23433;&#23450;&#12392;&#12394;&#12426;&#12289;&#23616;&#22320;&#30340;&#12395;&#38647;&#38642;&#12364;&#30330;&#36948;&#12377;&#12427;&#35211;&#36796;&#12415;&#12391;&#12377;&#12290;&#33853;&#38647;&#12420;&#38477;&#12402;&#12423;&#12358;&#12289;&#31452;&#24059;&#12394;&#12393;&#12398;&#28608;&#12375;&#12356;&#31361;&#39080;&#12289;&#24613;&#12394;&#24375;&#12356;&#38632;&#12395;&#27880;&#24847;&#12375;&#12390;&#12367;&#12384;&#12373;&#12356;&#12290;</span>",
            "id": "1408685",
            "machine_only": false,
            "num_replies": 0,
            "num_reposts": 0,
            "num_stars": 0,
            "source": {
                "client_id": "NJrWRUafS6XKEJ6XxMjACyg6xtURUnwu",
                "link": "http://magi.unnerv.net/",
                "name": "MAGI"
            },
            "text": "\u30102012\u5e7411\u67086\u65e5 17:00 \u5bcc\u5c71\u770c \u6c17\u8c61\u60c5\u5831\u3011\u5bcc\u5c71\u770c\u3067\u306f\u3001\uff17\u65e5\u306b\u304b\u3051\u3066\u5927\u6c17\u306e\u72b6\u614b\u304c\u4e0d\u5b89\u5b9a\u3068\u306a\u308a\u3001\u5c40\u5730\u7684\u306b\u96f7\u96f2\u304c\u767a\u9054\u3059\u308b\u898b\u8fbc\u307f\u3067\u3059\u3002\u843d\u96f7\u3084\u964d\u3072\u3087\u3046\u3001\u7adc\u5dfb\u306a\u3069\u306e\u6fc0\u3057\u3044\u7a81\u98a8\u3001\u6025\u306a\u5f37\u3044\u96e8\u306b\u6ce8\u610f\u3057\u3066\u304f\u3060\u3055\u3044\u3002",
            "thread_id": "1408685",
            "user": {
                "avatar_image": {
                    "height": 128,
                    "url": "https://d2rfichhc2fb9n.cloudfront.net/image/4/AVwNCy0o0HNSLTn7FQPz-S4KRyLBrizvPn6rPh0UAh89K66ceVqd_OYcEohS1nG6QP9JR8UuXvkkBPmEUrXdo1Jx3Zi46tEtRIgDwGlpQhMsgU6rLY99-obrWJ6S7EKLq8ob9IOC5rz299ORjafekanROpY",
                    "width": 128
                },
                "canonical_url": "https://alpha.app.net/nerv",
                "counts": {
                    "followers": 8,
                    "following": 0,
                    "posts": 439,
                    "stars": 0
                },
                "cover_image": {
                    "height": 260,
                    "url": "https://d2rfichhc2fb9n.cloudfront.net/image/4/X1p8y7MSNnMKbPq2Oe7-TPwEBzgDDwkrw7Cy9-iBH96aL2gycU8siG0lF6fI7ZP0yYh5iiExlK5pfCMghlN8Er-KvLDnBMIlH_KM_ZjlHsi01f5bodSkvsOf6JRDI_Xsb51_EQjHcbXpPqgBvYvjWxVNRvA",
                    "width": 960
                },
                "created_at": "2012-10-23T04:03:49Z",
                "description": {
                    "entities": {
                        "hashtags": [],
                        "links": [],
                        "mentions": []
                    },
                    "html": "<span itemscope=\"https://app.net/schemas/Post\">&#22269;&#38555;&#36899;&#21512;&#30452;&#23646;&#38750;&#20844;&#38283;&#32068;&#32340; &#29305;&#21209;&#27231;&#38306;NERV\r\n\r\n&#31070;&#22856;&#24029;&#30476;&#31532;3&#26032;&#26481;&#20140;&#24066;&#22823;&#28145;&#24230;&#22320;&#19979;\r\n&#29305;&#21209;&#27231;&#38306;NERV&#26412;&#37096; &#20013;&#22830;&#26045;&#35373;</span>",
                    "text": "\u56fd\u969b\u9023\u5408\u76f4\u5c5e\u975e\u516c\u958b\u7d44\u7e54 \u7279\u52d9\u6a5f\u95a2NERV\r\n\r\n\u795e\u5948\u5ddd\u770c\u7b2c3\u65b0\u6771\u4eac\u5e02\u5927\u6df1\u5ea6\u5730\u4e0b\r\n\u7279\u52d9\u6a5f\u95a2NERV\u672c\u90e8 \u4e2d\u592e\u65bd\u8a2d"
                },
                "id": "26643",
                "locale": "ja",
                "name": "\u7279\u52d9\u6a5f\u95a2NERV",
                "timezone": "Asia/Tokyo",
                "type": "human",
                "username": "nerv"
            }
        },
        {
            "canonical_url": "https://alpha.app.net/nerv/post/1408684",
            "created_at": "2012-11-06T08:00:15Z",
            "entities": {
                "hashtags": [],
                "links": [],
                "mentions": []
            },
            "html": "<span itemscope=\"https://app.net/schemas/Post\">&#12304;2012&#24180;11&#26376;6&#26085; 17:00 &#26481;&#20140;&#37117; &#27671;&#35937;&#24773;&#22577;&#12305;&#20234;&#35910;&#35576;&#23798;&#12391;&#12399;&#12289;&#24341;&#12365;&#32154;&#12365;&#65302;&#26085;&#22812;&#12398;&#12399;&#12376;&#12417;&#38915;&#12395;&#12363;&#12369;&#12390;&#20302;&#12356;&#22303;&#22320;&#12398;&#28024;&#27700;&#12420;&#27827;&#24029;&#12398;&#22679;&#27700;&#12289;&#22303;&#30722;&#28797;&#23475;&#12420;&#33853;&#38647;&#12289;&#31452;&#24059;&#31561;&#12398;&#28608;&#12375;&#12356;&#31361;&#39080;&#12420;&#38477;&#12402;&#12423;&#12358;&#12395;&#27880;&#24847;&#12375;&#12390;&#12367;&#12384;&#12373;&#12356;&#12290;</span>",
            "id": "1408684",
            "machine_only": false,
            "num_replies": 0,
            "num_reposts": 0,
            "num_stars": 0,
            "source": {
                "client_id": "NJrWRUafS6XKEJ6XxMjACyg6xtURUnwu",
                "link": "http://magi.unnerv.net/",
                "name": "MAGI"
            },
            "text": "\u30102012\u5e7411\u67086\u65e5 17:00 \u6771\u4eac\u90fd \u6c17\u8c61\u60c5\u5831\u3011\u4f0a\u8c46\u8af8\u5cf6\u3067\u306f\u3001\u5f15\u304d\u7d9a\u304d\uff16\u65e5\u591c\u306e\u306f\u3058\u3081\u9803\u306b\u304b\u3051\u3066\u4f4e\u3044\u571f\u5730\u306e\u6d78\u6c34\u3084\u6cb3\u5ddd\u306e\u5897\u6c34\u3001\u571f\u7802\u707d\u5bb3\u3084\u843d\u96f7\u3001\u7adc\u5dfb\u7b49\u306e\u6fc0\u3057\u3044\u7a81\u98a8\u3084\u964d\u3072\u3087\u3046\u306b\u6ce8\u610f\u3057\u3066\u304f\u3060\u3055\u3044\u3002",
            "thread_id": "1408684",
            "user": {
                "avatar_image": {
                    "height": 128,
                    "url": "https://d2rfichhc2fb9n.cloudfront.net/image/4/AVwNCy0o0HNSLTn7FQPz-S4KRyLBrizvPn6rPh0UAh89K66ceVqd_OYcEohS1nG6QP9JR8UuXvkkBPmEUrXdo1Jx3Zi46tEtRIgDwGlpQhMsgU6rLY99-obrWJ6S7EKLq8ob9IOC5rz299ORjafekanROpY",
                    "width": 128
                },
                "canonical_url": "https://alpha.app.net/nerv",
                "counts": {
                    "followers": 8,
                    "following": 0,
                    "posts": 439,
                    "stars": 0
                },
                "cover_image": {
                    "height": 260,
                    "url": "https://d2rfichhc2fb9n.cloudfront.net/image/4/X1p8y7MSNnMKbPq2Oe7-TPwEBzgDDwkrw7Cy9-iBH96aL2gycU8siG0lF6fI7ZP0yYh5iiExlK5pfCMghlN8Er-KvLDnBMIlH_KM_ZjlHsi01f5bodSkvsOf6JRDI_Xsb51_EQjHcbXpPqgBvYvjWxVNRvA",
                    "width": 960
                },
                "created_at": "2012-10-23T04:03:49Z",
                "description": {
                    "entities": {
                        "hashtags": [],
                        "links": [],
                        "mentions": []
                    },
                    "html": "<span itemscope=\"https://app.net/schemas/Post\">&#22269;&#38555;&#36899;&#21512;&#30452;&#23646;&#38750;&#20844;&#38283;&#32068;&#32340; &#29305;&#21209;&#27231;&#38306;NERV\r\n\r\n&#31070;&#22856;&#24029;&#30476;&#31532;3&#26032;&#26481;&#20140;&#24066;&#22823;&#28145;&#24230;&#22320;&#19979;\r\n&#29305;&#21209;&#27231;&#38306;NERV&#26412;&#37096; &#20013;&#22830;&#26045;&#35373;</span>",
                    "text": "\u56fd\u969b\u9023\u5408\u76f4\u5c5e\u975e\u516c\u958b\u7d44\u7e54 \u7279\u52d9\u6a5f\u95a2NERV\r\n\r\n\u795e\u5948\u5ddd\u770c\u7b2c3\u65b0\u6771\u4eac\u5e02\u5927\u6df1\u5ea6\u5730\u4e0b\r\n\u7279\u52d9\u6a5f\u95a2NERV\u672c\u90e8 \u4e2d\u592e\u65bd\u8a2d"
                },
                "id": "26643",
                "locale": "ja",
                "name": "\u7279\u52d9\u6a5f\u95a2NERV",
                "timezone": "Asia/Tokyo",
                "type": "human",
                "username": "nerv"
            }
        },
        {
            "canonical_url": "https://alpha.app.net/mkstvns/post/1408683",
            "created_at": "2012-11-06T08:00:14Z",
            "deleted": "1",
            "entities": {
                "hashtags": [],
                "links": [],
                "mentions": []
            },
            "id": "1408683",
            "is_deleted": true,
            "machine_only": false,
            "num_replies": 0,
            "num_reposts": 0,
            "num_stars": 0,
            "source": {
                "client_id": "hGLwYHZmT7N5E6HYNDJ6XEQNYEZkydf4",
                "link": "http://www.quickapplabs.com/",
                "name": "quickApp"
            },
            "thread_id": "1408683",
            "user": {
                "avatar_image": {
                    "height": 200,
                    "url": "https://d2rfichhc2fb9n.cloudfront.net/image/4/RBV6bSC6O8mHTN-DOvOvJtfP66FerIQyzGMDbxlvS-wu8ruqbbr4RcWrDVZ2fxo6y3tbJ6a_EHYGLFUshMesaQN-oVkjUuYdtSjkrh1AvCZoRUctC9RNViVD8H5JwYAysxG5s7mtE72zfNfuEnlxt4rQ2oc",
                    "width": 200
                },
                "canonical_url": "https://alpha.app.net/mkstvns",
                "counts": {
                    "followers": 40,
                    "following": 45,
                    "posts": 693,
                    "stars": 6
                },
                "cover_image": {
                    "height": 853,
                    "url": "https://d2rfichhc2fb9n.cloudfront.net/image/4/hcr8c16B-VI-B1mdyJFSd81oGwd0ccOyqEosKVS6YdMILXay7n65058lnCGN2PWR-6WrB1179uRNksoonHEXODia_bL1qmV593J9Z5pfDr3dhOiYC9Q9BGdxZeF6UhJrBsmul5F7OuSHXjTTGDz9BGadcCU",
                    "width": 1162
                },
                "created_at": "2012-08-22T09:39:08Z",
                "description": {
                    "entities": {
                        "hashtags": [],
                        "links": [
                            {
                                "len": 18,
                                "pos": 99,
                                "text": "http://mkstvns.com",
                                "url": "http://mkstvns.com"
                            }
                        ],
                        "mentions": []
                    },
                    "html": "<span itemscope=\"https://app.net/schemas/Post\">Graphic designer, motoring journalist, cyclist and lower-level but nonetheless tech-obsessed geek. <a href=\"http://mkstvns.com\">http://mkstvns.com</a></span>",
                    "text": "Graphic designer, motoring journalist, cyclist and lower-level but nonetheless tech-obsessed geek. http://mkstvns.com"
                },
                "id": "16017",
                "locale": "en",
                "name": "Mike Stevens",
                "timezone": "Australia/Melbourne",
                "type": "human",
                "username": "mkstvns"
            }
        }
    ],
    "meta": {
        "code": 200,
        "max_id": 1408703,
        "min_id": 1408683,
        "more": true
    }
}